,F1,F2,F3,g1,g2,g3,X1,X2
0,3.049937889691824,-0.6188926805797468,-37.36426479839353,-0.5979780973274966,-0.6236486143123213,-0.794748011688715,1.437100360880932,0.5129617494272439
1,2.958739621875802,-0.7547395920674603,-36.34083740482107,-0.5735882852650562,-0.6023221691698043,-0.7879432785915972,1.5378400993475627,0.5034202787766355
2,0.3449777496820836,1.8540441451127634,-31.180092980929313,-0.557743386926455,-0.44654991071108574,-0.2513320043872066,0.32602855328231145,4.328993697035605
3,0.7883279072632705,-2.609425716470011,-20.52745565932203,-0.1697033461411136,-0.21248711449759072,-0.5377166409426246,2.875943876784954,1.3357282159517756
4,-0.48206526152271945,2.111309381265305,-27.01938137948905,-0.4532647818641117,-0.33095067338036777,-0.13127067958404426,0.5393786780539704,4.942686583468749
5,0.4332494962429312,-1.190713163154213,-27.069727416534786,-0.34411510530109635,-0.30903504221422706,-0.3765360924000626,1.6519341163148873,2.914816387442181
6,1.3617268138532275,-2.217114612281791,-24.475519296290532,-0.2761092563414018,-0.31527988277500263,-0.6039717913820548,2.5242078688782033,1.1140653172685695
7,1.6724966919827593,0.09722442580204457,-35.83439189260771,-0.5992605943467237,-0.5479791013413025,-0.507139846989713,0.7406847799110369,2.5868185281062037
8,-0.10294760445453122,-1.0106563168968905,-25.110515360175928,-0.29298530466973904,-0.24515978064346322,-0.2903932634037698,1.6906143697543,3.412333234700231
9,1.4460858543093953,0.9121785800253557,-36.1115072600023,-0.6381775221633761,-0.5613453400149949,-0.44051245856610255,0.3939777941744409,3.159936351516164
10,1.386854301010779,1.563417197288161,-36.58625907524569,-0.675930655460685,-0.583223453696611,-0.40929598498023656,0.13784321774127975,3.475302481247941
11,2.760705481443177,-0.2768111320273562,-39.07587179935711,-0.6476825980603973,-0.6407164810093303,-0.7096390096037966,0.9942571523592042,1.2450373661976186
12,0.7758271545263957,-0.249418724518841,-30.824806549520027,-0.4692569210683084,-0.4114950115192276,-0.38533552999217824,1.0723720508533474,3.151800794620257
13,-1.505252848361951,-1.115807250335474,-18.45625018851872,-0.0790871643152643,-0.024655173523401297,-0.10519540776696135,2.2728505899274385,4.2324022584345125
14,3.4419095645379496,0.5936381065088181,-44.607906399687714,-0.7828408305939949,-0.7686666406481049,-0.7839774106484088,0.5239097987050056,1.0341806367570445
15,-1.05192718600492,-1.8767672855862443,-18.594284870503163,-0.07813469054068778,-0.04920495002685188,-0.2001144909786312,2.5052282637534136,3.5466989222515064
16,-0.399271460884032,-2.7453098797073876,-17.356239811130834,-0.05398291870211214,-0.06936242019673955,-0.34816031963143734,2.9764667573453116,2.4228047035387204
17,0.18870438559640146,-1.6179270333044748,-24.735221262122412,-0.27119185130149204,-0.24683370006746153,-0.3620508213485043,1.9672010849892483,2.8440945294143503
18,-0.87377660097287,-1.8640818457104296,-19.413403569662997,-0.10531508664353506,-0.07722246881941941,-0.22363899814221788,2.431221179652354,3.442555421320516
19,-0.36097767027215255,1.4015748743716525,-27.17321031320577,-0.42980649785624014,-0.3220389057779295,-0.1682264030985149,0.740672177726483,4.620305492545669
20,-1.1247863778419305,-0.3996029571976131,-21.47139105551479,-0.19496010222271387,-0.12304082493503521,-0.1265227868382408,1.7678461977427518,4.356940180099179
21,0.32574232535570324,0.5098681389195491,-29.77905832057611,-0.4687968601851883,-0.386183591532109,-0.29179788768984416,0.8500900015667217,3.8241676730775747
22,-1.0679031554689242,0.38059995699720484,-22.757192152939588,-0.2586801033709266,-0.16868100472123315,-0.10651345759184405,1.4139678020399773,4.653935353428947
23,1.152766400805496,1.5273196105111198,-35.27004442925247,-0.644552301298722,-0.5492996675772311,-0.3762168495184507,0.20906939261041635,3.6381642065840873
24,-0.19788565408363823,-2.0252079367694433,-21.706438825087556,-0.17831713855386655,-0.16344000047570895,-0.3279485861223087,2.3311543416349814,2.866731312448657
25,-0.8221160025818133,1.0130387810764219,-24.562172536213083,-0.337065594844427,-0.2345928408639617,-0.11852636870657551,1.0665484296425318,4.755567572939281
26,0.5021474644597976,1.4867666048716708,-31.72790490692003,-0.5569280378188333,-0.4547379954603221,-0.2844833695197079,0.4095055053168988,4.088347030223304
27,1.2499987257684069,0.05298747441593612,-33.704962124932884,-0.5496514670033783,-0.49143424054494145,-0.4439240010333957,0.827090560863934,2.922910713367659
28,-1.822485009468445,0.28761588431588975,-19.14199689681101,-0.13229811627890786,-0.04250513254880284,-0.01249989822128672,1.7949687975923305,5.027516211876114
29,0.37924452471700043,-2.724939657706252,-19.259372494142553,-0.1263559529056577,-0.1608619977547162,-0.47416463286321286,2.9314865449245544,1.6892689303584456
30,-0.576785081112237,-2.5785116082965422,-17.74117934126461,-0.05901105746010804,-0.06285264491161435,-0.30866424603822995,2.8575411146832335,2.7192439664290036
31,0.4636520252053593,-0.9748294284068578,-27.774332055786488,-0.3683129990285967,-0.3268560007526956,-0.3707710057368182,1.5219480184310994,3.014399956363541
32,-0.8692238002866057,-1.6754557680869602,-19.990721100331683,-0.12502309577602644,-0.09061407494587292,-0.2147334937189439,2.3152495252005387,3.553974275086067
33,-0.5770966339243708,1.3591973888356255,-26.053478125185173,-0.39522610648184975,-0.2869787024365459,-0.14049181469149774,0.8400950441467158,4.737001589777655
34,0.08592980940405326,-0.9969268033304995,-26.007177466997494,-0.3189998706686902,-0.27299601430157416,-0.3167354416248327,1.6289656806898858,3.285104509906061
35,-1.2028707140421302,-2.213020001242891,-16.80793169263997,-0.01934733198291294,-0.001627626097379098,-0.19806160191643307,2.782480651081457,3.4203900629606734
36,-0.7410142510868862,-2.3982988162030394,-17.988055337808458,-0.062318918693087255,-0.055934042957231034,-0.272795905010355,2.7555793622980334,2.985434888788853
37,0.5400968209716082,-0.5012604648013042,-29.199538477350334,-0.41945883481044954,-0.36520015770538905,-0.3611240869638602,1.2532954016231068,3.206607777405285
38,-1.6613879552826765,-0.9080387465654688,-18.14925573230956,-0.07121451867981532,-0.010732570493061422,-0.07660358330953476,2.2420189102797705,4.419369045002906
39,1.6791458724249635,1.7489081355182983,-38.39570500102379,-0.7232606405637232,-0.6310151977327578,-0.4465250698066724,9.092830142776176e-06,3.320845034744894
40,0.051897663880873246,-1.220144655021116,-25.305429753884354,-0.2941382517088075,-0.2545309269103646,-0.3220762207874449,1.761119321687592,3.1869830144315348
41,2.4827073400903523,-0.3199395032509688,-38.059790839401394,-0.6274961585783445,-0.6118145135016937,-0.6618159498963179,0.9763767185751097,1.540915941334538
42,2.577375719295641,1.0222147599653748,-42.139912922347015,-0.7651380800239296,-0.7088351488657109,-0.6127175681746271,0.1978593795042427,2.2247649012001167
43,0.33555823313049515,-2.36291061259668,-21.978987438369423,-0.19174642269987274,-0.2020286280849427,-0.43236808721891673,2.517300580366011,2.147141186503494
44,-0.906579508238206,-2.585383312175175,-16.444532575170363,-0.01488300595848513,-0.015112031292423111,-0.26202109947113106,2.957412210129986,2.9491672981082204
45,-0.7417692428814044,-2.58052067380511,-17.11043718746628,-0.03758521464643649,-0.03940296293754619,-0.2850054670764891,2.903604090680679,2.8381651522007254
46,4.686808536385129,1.6992341742961323,-52.14716821330532,-0.9375775529933742,-0.9409855095725345,-0.9659630019168814,0.21793895023231916,0.0952525133825517
47,2.9069073228995235,0.49216541289386057,-42.35814148066888,-0.7431623745960909,-0.7124919898918118,-0.692357838306022,0.4944794138732165,1.59861326322726
48,-1.3031986706637868,-0.42404113537680177,-20.603920326966357,-0.16549365600472132,-0.09348473341071495,-0.10408678227601698,1.8554387286397782,4.447759942024009
49,-1.3153980374123533,-0.6646994851907706,-20.16166024110028,-0.1453014895588579,-0.0793455465163303,-0.11164133075966409,1.9704920439406752,4.344905993471678
50,0.9473158945745377,-1.9577253703276938,-26.016780935998867,-0.3063343248992444,-0.312407099631415,-0.5025236489200731,2.1356519978918027,1.9170321075336596
51,-0.621317524250717,1.0337890837274883,-25.567510859883022,-0.36862355602971175,-0.2667869526725458,-0.14458040443291154,0.9775999016963712,4.6437176225543455
52,-1.0877441040908797,0.08822020415050816,-22.31944663561572,-0.23572302347726948,-0.15227400986868633,-0.11385846657576526,1.541789807090943,4.545954296999937
53,1.3052609459382927,-0.6668385851810609,-32.30959539525272,-0.49173700423425803,-0.4558947220416327,-0.48439419495334857,1.2022084475635977,2.49253060649811
54,2.0492011515550685,0.657627195358271,-38.80033643822259,-0.68458878936553,-0.6257925902189683,-0.5429558452245409,0.41706783958435356,2.533731008860578
55,0.7979342360087376,1.8400811512158046,-33.61449945033279,-0.6183553406647542,-0.5121221291103215,-0.3153919621694432,0.18883507401584423,4.013230689975418
56,1.3923916578297715,-1.5159790289726438,-29.556533594724336,-0.4032997759716702,-0.4017771649716564,-0.5467650407287006,1.7763971730848647,1.8312111690853639
57,3.7218149078159932,0.21530150436793746,-43.049952126461875,-0.73086648246113,-0.7495673720749751,-0.868278197897767,0.9757085591412167,0.3024765330427902
58,1.922210844726445,-0.8385368157232236,-34.17587253079806,-0.5284742655095211,-0.5146612239355943,-0.5945567932299154,1.2902598293060954,1.7875293259674598
59,0.1493339261147799,-2.1884739114981273,-22.319742691952243,-0.19834708181017502,-0.1960832726576045,-0.39027102703549177,2.38458447219634,2.4660816016888796
60,3.7628734764216936,0.6708337795136898,-45.72940073040965,-0.8006307494531328,-0.7983579149921827,-0.8419499328612864,0.5776522414920496,0.6594742820862569
61,-1.3473254494183564,-1.5100249595601292,-18.286665692175262,-0.06917864326673817,-0.026823237210139017,-0.14305120973780683,2.411265415690393,3.936060033727963
62,-0.1216587831511955,0.19617382191419103,-27.132240721633597,-0.3853912571996698,-0.3057242390691579,-0.24029212491033258,1.126823065226383,3.9948357179248126
63,-0.9738205497300125,1.6615531510892971,-24.303607671241302,-0.3527551100574312,-0.236624487275509,-0.07907649711086506,0.8965590647904067,5.077261484939606
64,0.022371624187860206,1.0930486053538508,-28.866738557950985,-0.4658340534633494,-0.3673544592082252,-0.23007706164079622,0.7161814913138342,4.261446884498305
65,-1.6533314478225254,-1.1170005435394272,-17.78163520493389,-0.05535282941388042,-0.0006056947302243154,-0.08621286699670028,2.3412172996054545,4.312114148217071
66,-0.04289639773140408,-2.3782845127766974,-20.699870290844068,-0.1508518141500862,-0.15374029844831272,-0.37397067673091444,2.5734409162337815,2.4694554814976226
67,1.0203814893153567,-1.142780219334989,-29.69764907199638,-0.41427894546441824,-0.388429379716021,-0.4637733375418235,1.5245170718711685,2.455101438813475
68,-0.7260553475524434,2.0811758197092516,-25.771410047784304,-0.41473394526521445,-0.29170844420167397,-0.0997048299606339,0.6485686546324919,5.077486692919951
69,-1.3386360610021129,-1.098900472183653,-19.249381637966504,-0.1066586491313789,-0.05229265158746854,-0.12612149605887035,2.19073007471067,4.147905986291443
70,-1.2699503281444793,0.07840914592386454,-21.449692870829526,-0.20674912957964542,-0.12283551260062586,-0.09038578351341064,1.6245300584498878,4.645420269694592
71,-0.2877236476418483,-1.0243094960907726,-24.230951951513227,-0.26684216006436134,-0.21746568184058257,-0.26496982670910096,1.7550852157929082,3.53263843184894
72,-0.07979518608268066,0.4851446181613266,-27.704776753915816,-0.41138827218984153,-0.3253813377886343,-0.23601520013785404,0.9917727738196104,4.08802241226307
73,-0.22206331364531895,-2.568521740322319,-19.038449569561227,-0.10254316438904754,-0.11158081439018064,-0.3607985607960348,2.7737093568430558,2.448353956802263
74,0.15706431813525423,-0.5441979626231574,-27.297418710303848,-0.36698611109386003,-0.3089387584034208,-0.3075620107312479,1.376615492504467,3.466320189360279
75,-1.3906823944306437,1.6022914053231254,-22.2629205300498,-0.28379526474428385,-0.16749226569448683,-0.026710202121473903,1.1018872143189746,5.288795180111669
76,-1.5079451173505678,-1.5059750384226014,-17.573083264051967,-0.044469141410154456,-0.0014269210872934757,-0.12194352984688772,2.47921259286379,4.028732524486778
77,0.3938427515194203,-0.27096711339923585,-28.938814160451546,-0.41978605924610757,-0.357293081248484,-0.3304908769434921,1.1782050202830645,3.4279522281975154
78,-0.3942321949572527,-2.3953607863514987,-19.350082388748774,-0.10737760043900912,-0.10523883390615874,-0.3225128258310678,2.658618299887319,2.735613895069933
79,2.2425001873282717,-0.35023290046182787,-37.10105475165379,-0.6077281374765968,-0.5852909909470797,-0.6216568036217582,0.9748812688045545,1.7826185438671736
80,-0.5310062630873968,1.7279821601377825,-26.544292295853044,-0.42399533727333316,-0.3087187657884779,-0.13570935988679256,0.6905248448163027,4.840481418271094
81,0.17896161249710296,0.7948791026498963,-29.366852523261077,-0.4682489015139778,-0.3776638017036019,-0.2614925518465743,0.7799873971646851,4.041050990338212
82,4.468647603161534,1.1937736945734732,-49.155199132084796,-0.8671638273296601,-0.8819229739509697,-0.9557196703271561,0.5313408376028061,1.155923566020789e-05
83,-1.1642871063899296,-1.0915204218001946,-20.060872476728484,-0.13414021154074562,-0.08029974622772307,-0.14870341373172513,2.113015177560562,4.051271928829368
84,-0.21990933095085285,-2.2008017333420575,-20.901199175429387,-0.15417113810699057,-0.146119129240724,-0.3354333203317438,2.4650185058826306,2.7548908250682222
85,1.1659027266422504,-1.9353764097567414,-26.677567429893653,-0.32544849329836134,-0.33729359145681026,-0.538505488067955,2.130260403530958,1.7038368698267916
86,1.5976205951237068,0.6320931199700135,-36.471184815789904,-0.6346161726026387,-0.5673897036864095,-0.47386287101611957,0.4911132619460209,2.9112661429302724
87,-0.5688489637879695,-2.3908094095663825,-18.70261745856874,-0.08595698061817669,-0.08125748909056396,-0.2968446422350848,2.699833634396956,2.8690153293910132
88,-0.4395626066542411,2.5387323615100854,-27.443817529066752,-0.4832432272892969,-0.3532975622676289,-0.12513617663571808,0.38075933293709846,5.0588032737171424
89,-0.785469399240057,1.3363894552849402,-25.002739934818646,-0.3624362775251776,-0.25354255172567075,-0.11347573639573261,0.9326476352289063,4.852821764011151
90,-1.098703556892925,-0.1582269266006861,-21.94414131892196,-0.21663408068932133,-0.13893918952105166,-0.12111971863597992,1.6508437374176097,4.447859819475315
91,-0.1521536659735503,3.0113372872954898,-29.126402006673096,-0.5511626979804323,-0.41454437276620204,-0.1510533039319607,0.11694697913063057,5.03520668684292
92,0.7123285544521014,2.4466878191226384,-33.56164259049807,-0.6426940285127964,-0.5235920498114255,-0.28538810125445624,1.0614927214991354e-07,4.287671339398626
93,0.5772107625406662,-1.5802286260337284,-26.437156489255678,-0.31968566108012286,-0.3007465941945634,-0.418742744989244,1.870491414789596,2.552297822669738
94,-1.198616653027993,1.2801542142979556,-22.955561749891764,-0.29520490208534544,-0.1857690095553418,-0.06101907957649544,1.1294622609739307,5.069154392054062
95,-0.5548424448980196,-0.09803085495776749,-24.616101292026475,-0.30240727727882977,-0.22633582680266306,-0.19153751867349778,1.4081351138780123,4.146707331020007
96,2.982724764868872,0.7851559431328805,-43.50058129733924,-0.7772585102937515,-0.7394348271329938,-0.6911050708674726,0.3278113206719273,1.6894639144592007
97,-1.774359004385377,0.8005525576860186,-19.8736834390912,-0.1734257848911308,-0.07259724523934408,-0.001962314974147561,1.5722657884605262,5.202093215924851
98,3.3170373428238342,1.0908081410918575,-45.761958862297256,-0.8292630408378256,-0.7926774351598745,-0.7347512593360526,0.182940426384963,1.5000222307912028
99,0.16958349301677345,-1.813512605006204,-23.97359883457561,-0.24721105137129895,-0.22978422830402012,-0.37005770202617816,2.1015254382805924,2.7288910687026346
100,0.6168504735924625,-1.1624843820860662,-27.9454925543544,-0.3683547320321253,-0.3353948476654426,-0.4026664826490336,1.5982968446034789,2.784852681804059
101,-1.4750037238784097,-0.19041653136506156,-20.146152183064597,-0.155458954670895,-0.07725020734290722,-0.07331141352321702,1.8297444100354252,4.645259313842985
102,-0.5734247011871512,-2.745080430338505,-16.785060341812795,-0.033784992019127214,-0.046221955724576436,-0.3219773579097799,3.0105776972916614,2.56284700389549
103,1.5222653405473334,0.3295842780420287,-35.56419435430023,-0.6025031947640331,-0.541794648761985,-0.4742203485653447,0.6461135016894686,2.831621157763198
104,-0.8995048313168201,0.1356847478852103,-23.27316518124474,-0.2677603796645288,-0.18408998470319593,-0.13705630364339794,1.4436853063544164,4.455819524962404
105,-1.7977924549771966,0.5620215614739642,-19.542239516368753,-0.1543848782782259,-0.05860144913119525,-0.006600799407304403,1.674794502842046,5.122997952135151
106,1.571993557783947,-0.4265109906922547,-34.12234232158025,-0.5416753123417104,-0.5040054058824708,-0.5149943350341337,1.0359449048417109,2.3920615373743424
107,-1.2389143227131738,0.6305009170236218,-22.206224052901234,-0.2484765960956562,-0.15237804613526107,-0.07598788472026075,1.389683262069476,4.849231060643698
108,0.35864579663864404,-1.7970969274769892,-24.776389534405503,-0.27066570932567313,-0.2559241282525957,-0.3977183529702142,2.0553286423652826,2.586025560996074
109,0.343920744849215,-2.5419056497236903,-20.798839229863265,-0.16193955978348618,-0.18262197012505832,-0.44901370861851,2.7003230137236898,1.9557562414270955
110,-1.1540761398082537,1.9824150557946687,-23.61422731186492,-0.34294682839988144,-0.22007143338835133,-0.046427390006673064,0.8652809596965847,5.288795180111669
111,-1.1734385820979067,-1.292563031744504,-19.58622293140556,-0.11542110821891782,-0.0673119286960614,-0.1561564079534773,2.22075405963754,3.9526845224603666
112,-1.0604240765284976,3.298558685608275,-24.559081303547327,-0.42763274472603907,-0.28173160334355396,-0.023595278360210248,0.4039914933795169,5.65643258314898
113,0.8032801221129402,0.8672212208341836,-32.679378929107806,-0.5561667186886061,-0.4709600414653452,-0.34759999942922615,0.5646397489248338,3.632080128962226
114,-0.8173589138908328,-1.0518786496099437,-21.734200933054925,-0.18939017087489962,-0.13640684092266453,-0.19335514083529326,1.9549795178051854,3.8623793960856476
115,0.26497865692912903,-0.9778813445324619,-26.868422449825886,-0.34353812752784396,-0.2993020104035141,-0.34176815642964664,1.5712605632975012,3.16376077977337
116,0.0296842036183671,2.608575586353446,-29.932922247520285,-0.556076502712548,-0.4279223464538302,-0.18647929106421923,0.1783830855338957,4.791932710847737
117,-0.8122748334836656,3.3331267564370477,-25.80356528421486,-0.46807036831560833,-0.3224760881279798,-0.05507422553309871,0.2854403733645167,5.526834460119149
118,-1.4532181651743334,-1.6661310551647333,-17.41086803010652,-0.0380846937307876,-0.00021100886639535688,-0.13653720205662,2.544882755028108,3.9083354101462255
119,0.21418498871731018,-1.4150980639326,-25.477589911572437,-0.29541425220070894,-0.2643975563958788,-0.35524807988241835,1.8346069811544006,2.9512080301282895
120,-0.1635845061045682,-3.0827013044083587,-14.695165065774601,-0.001223529521732325,-0.047283213786456724,-0.4236414631340155,3.410866569817322,1.7527179362872456
121,3.9491933883903734,1.5137035933736485,-49.53905755916359,-0.9055228852614912,-0.8786371117515703,-0.8283205132839156,0.04145938262624016,1.0093472289833862
122,2.29253100824485,-0.09991624848347484,-38.09968239606403,-0.6380253719182483,-0.6082686372924349,-0.6169312740918864,0.8181132726129359,1.8893557191422141
123,2.431298663579324,-0.9826640314969481,-34.72106651080584,-0.5349453054676014,-0.5472579071772523,-0.6973812355118918,1.5059774989840538,1.0627238374366224
124,0.39521669342968924,-1.3976577206603664,-26.301513963569864,-0.3188391347798225,-0.29007146171042,-0.3812505770746073,1.7845735380359091,2.8202097685344016
125,4.411392498131209,1.7984053175483674,-52.056960834911884,-0.9509493238486421,-0.9345991324619396,-0.9018987751863475,3.059737522237427e-07,0.5886071958950387
126,-1.2443747282448507,3.26777582779064,-23.653435708404025,-0.39699452268743096,-0.2510866413335733,-0.0005913369386072453,0.49584549975298864,5.748529228491862
127,4.197741556652324,1.0360397596292201,-48.19254367660112,-0.8512311088718897,-0.8562508257286111,-0.9072472698666226,0.491484125094824,0.3107743182528524
128,-1.3670177104260395,1.9570491866678998,-22.580507390100774,-0.3078003216740036,-0.184810341647889,-0.019637816157573318,0.9696892147429585,5.397328495683081
129,1.2563704813799648,-0.9055961177795993,-31.409926611730892,-0.4629190579164878,-0.4339666209098788,-0.4886176546625821,1.3506708931910554,2.39295862542898
130,-0.8489739939154859,-1.472382706187225,-20.623105455953773,-0.14739509786156646,-0.10665373224573971,-0.20776620233682375,2.191142415872858,3.657831578042628
131,1.6181969671221115,-1.4881299399081478,-30.29754717661259,-0.42247100060084997,-0.42710272079623957,-0.5842222011833482,1.774272479955956,1.6075305529219324
132,-1.0346838120303286,-2.5432403793153666,-16.136626353443603,-0.002898714437788219,-5.597845729510276e-06,-0.24132484860812087,2.965265807358107,3.069418004672221
133,-1.1824048944177168,3.6066442449360046,-24.020594856222107,-0.42374356602493235,-0.27236210543785955,-0.00012719731717625304,0.3663361566415477,5.816068737776169
134,0.5365455764608935,-2.3536148020671703,-22.565556295390426,-0.21072116025120113,-0.2258444166375171,-0.4647530816370856,2.5039458267232404,1.9595085968158659
135,1.1846358325869955,-0.20020698437170487,-32.881514770263315,-0.5211278863495741,-0.4687872482656602,-0.44456852194750374,0.9655505981960535,2.849813569216951
136,-0.21032709420420748,2.5528639075861284,-28.639904701378022,-0.5180394072510117,-0.38923032182266304,-0.15549548508195088,0.2866000093918257,4.9237270848123815
137,1.4512469826538945,0.08213164077094107,-34.74039364539628,-0.574458912993099,-0.5191529965872825,-0.47344699822301173,0.7788700133683523,2.7698830039777533
138,2.1738771395685808,-0.8145661797309571,-35.06461860378106,-0.5481486128593644,-0.5417589163267196,-0.6371500976471054,1.2980468926281041,1.528075967803315
139,2.7833109423874585,-0.031432416104589224,-40.14673063993729,-0.6787595750858813,-0.6626903246343352,-0.6988099921211133,0.8190980206784421,1.3975910369340996
140,0.5305136656918137,-2.166580066925006,-23.67818564678704,-0.2397647642400217,-0.24487171314289302,-0.44897463156578354,2.326668247405776,2.1428180869024107
141,0.33946444912079254,-2.1806093064299965,-23.004620464027372,-0.21933593082677627,-0.22063864550233925,-0.4193871281534437,2.353716639599739,2.3068189112794686
142,-0.3701381711798124,-3.0290763547551522,-15.097795681086362,-0.0005788561734588749,-0.03537822793898315,-0.3809317862508096,3.31145777736934,2.0586803938104725
143,0.7420641178125926,0.5619147392537261,-31.97189117302085,-0.526972384041003,-0.44809626257247936,-0.34944383252378863,0.7091977546602788,3.548738127527129
144,4.607660018395077,1.4461131516439565,-50.68430299466111,-0.9019161203185265,-0.9128140812342997,-0.9673044436730445,0.3923332872863794,6.694318543720712e-06
145,4.7245818257401435,1.990596071502911,-53.60435238714192,-0.9765085262257875,-0.9690380078027552,-0.9543669505829694,0.0032397555153464985,0.2721784187445102
146,2.7144484834473506,-1.0313797134831546,-34.27717931308231,-0.5240877028397775,-0.5557500509735933,-0.7617995826316425,1.7126980246850096,0.57285349186764
147,2.7596523231468897,-0.9099605740747151,-35.293216580130775,-0.548326027416411,-0.5744202584524347,-0.7590978869473964,1.589869997074978,0.6504776797781324
148,1.7214237173727636,-0.6266130573735197,-34.17256185935018,-0.5357025685552141,-0.508325252224185,-0.5491119901750521,1.1464964473550974,2.132079835272139
149,0.0020375644898358303,-2.915691776722325,-16.879235444052576,-0.057316626622904265,-0.09387983799803812,-0.4300995126239304,3.1571190225074925,1.8408434130026712
150,-0.5090484018931996,-1.4589287279487508,-22.17980654261258,-0.19685738111616102,-0.15851334286115182,-0.2538528923808364,2.064331512356434,3.4447168895367652
151,2.2547784912162108,0.6864030632865683,-39.87420781992459,-0.7071323830362206,-0.6522426159806032,-0.5745126608186004,0.38459494739078204,2.360626561393007
152,-0.3846097204634358,-2.9193464324710425,-16.091381481000383,-0.02328757000234649,-0.04971339553137355,-0.366562523235611,3.1679697197542036,2.2166400007092317
153,1.4194686179716949,-1.321347328380871,-30.52564407476271,-0.43080558740808395,-0.42161864815937244,-0.5386531683733944,1.6249007845373438,1.9556305974909614
154,1.9562276962307728,-0.6122535177469928,-35.13218100656742,-0.5570130195004943,-0.5355768850131504,-0.5873742602978305,1.1360357311124207,1.9077365726568063
155,-1.6398053501637975,-0.21361927313884194,-19.356260266155257,-0.1273744058275138,-0.04937152887590934,-0.05302001580211846,1.915850889953018,4.72395446021078
156,0.4375454217467114,1.1462642731874653,-31.07066864112014,-0.5265642570446263,-0.43090647257123493,-0.2862065010082516,0.5593871686055973,4.0030674096476915
157,1.657549279966973,-1.077566916720869,-32.330264893461184,-0.47974974062623943,-0.4674747870823248,-0.5637812296799998,1.4502761962260498,1.8921745238069771
158,1.4690133881445138,1.8687746211542566,-37.34505807554313,-0.7057505172502989,-0.6076677552860057,-0.4115025305716241,3.5905704628413915e-06,3.5309830212850235
159,2.533694628122327,-0.0694539027425833,-39.135661193223164,-0.6590084957848992,-0.635655365418951,-0.6566821329663686,0.8127963393517688,1.653509032525904
160,0.5334727968116875,0.5286790141456145,-30.860398189067602,-0.49765705748133005,-0.4169643048104249,-0.3206449705951032,0.7807940535178637,3.685733149670449
161,2.194037973161205,-0.5648450957774571,-36.15577919297971,-0.5800344457889335,-0.5641361845904671,-0.625407354847451,1.1168123118470015,1.6891497149917933
162,-0.3445567958425979,-1.6455147718442817,-22.380432111367025,-0.20084987961794754,-0.17031343108737618,-0.2861257277238183,2.1226223243710156,3.2219344714715827
163,-0.19076684512398767,-1.8370400865093146,-22.421165354826957,-0.20061948205823,-0.17870371886526515,-0.3182804995700542,2.2008996850886255,2.989867160035362
164,-0.22063662205773316,-2.388955871571666,-20.02075751610758,-0.12911918560254743,-0.12937742250960194,-0.34780777760336523,2.614966575355849,2.605670046701884
165,1.2314502003821275,-1.1256828342637732,-30.594307785318136,-0.43704613708524864,-0.4153335469669507,-0.4963623898703189,1.4934482776795717,2.275101521938301
166,0.4858466603580949,0.25170002124526436,-30.236534904198763,-0.471525520731789,-0.39689738384108675,-0.3237886272087086,0.9137702057883138,3.600383133853591
167,-0.6195747149184401,2.9458003622618634,-26.674099851333633,-0.4777356954816493,-0.3396252017145196,-0.0903874199845004,0.3237984696508841,5.295776245267556
168,0.8293280093032047,0.016467297501286282,-31.572875000060883,-0.497101310991939,-0.43303020784480395,-0.38255934644219824,0.932056138699969,3.2386158519968262
169,1.7803090687996672,-0.3972900425144921,-35.10153692716826,-0.5643395241232598,-0.5306879643488214,-0.5470612939383008,1.0041173896602749,2.215573541540058
170,1.445000213921647,-2.0808970135827294,-25.841854846631943,-0.3094092599696747,-0.34210618519765246,-0.6046704145821724,2.3660445471427756,1.1889552389355773
171,2.345187702286232,0.9876108669673164,-40.90536227159904,-0.7405075188010302,-0.6795154404388108,-0.5766603452424499,0.229548738336935,2.425263559376833
172,-1.002833735495578,-1.2921978579280762,-20.361887778826897,-0.14113835268043984,-0.09393480537053889,-0.17884046209820126,2.1517530161695717,3.8510807193260064
173,0.5590657914810953,1.8689957268033506,-32.340432909592636,-0.5880427671426214,-0.4786432776218086,-0.2807839896539175,0.2512762928848191,4.189657915634085
174,0.14887490746792764,-2.9983781149299786,-15.796438261002944,-0.040029599505759794,-0.0905127834187246,-0.46933413930293844,3.3342598566994055,1.5168652358326669
175,1.8439993776533274,1.5903447493455762,-39.129712025749235,-0.7317667683491402,-0.645844477657945,-0.47661648616987307,0.03139907873182281,3.1246015436148498
176,3.6623701897020173,0.010611370709335688,-41.53435933438539,-0.6946358431889774,-0.7221111282205415,-0.8740092012600983,1.1633700357171446,0.17425977458083808
177,0.8964288186864753,-0.7100462227013764,-30.38339874433408,-0.44347338742242615,-0.40100608154197714,-0.423352643515136,1.2873740848086808,2.8161970965048435
178,0.7908337122447975,-1.3745086008266583,-28.004882776016572,-0.3654256773027865,-0.34310787999323544,-0.4403775180662728,1.702862792305679,2.5063034954495236
179,1.5259394281130598,1.2470312492081632,-36.97954382332969,-0.6712541656944027,-0.5878327453581051,-0.4406102980096861,0.23544471989011406,3.2386158519968262
180,-1.5143636860738177,-1.321924220685022,-17.974763996171895,-0.05995176930417134,-0.011392085865346568,-0.11286501408253546,2.3831075411380627,4.131256144935755
181,0.18783960191918858,2.1763987151747095,-30.551094461547443,-0.5545194147455113,-0.4356706988258514,-0.2202068763604087,0.26680331248652644,4.545357085594285
182,-1.4222538255494195,0.9110702991704507,-21.60107621374749,-0.23725397084546473,-0.13471076803311977,-0.04340346758780533,1.3653492621525025,5.056904563396917
183,0.12147347044207812,0.500443489091191,-28.734109837319938,-0.44039859878041654,-0.35590314754483765,-0.26344100695189143,0.9183451425385403,3.9601813870193814
184,-0.15299714767697647,-1.4426616822246643,-23.80146173895315,-0.2463076037148223,-0.2112607831611606,-0.30330512570988544,1.9456558038725782,3.2073413438043983
185,-1.0563582753905028,-2.234531709591548,-17.355120761502658,-0.038332396223232146,-0.022423915516015636,-0.2190924945153624,2.741826484965356,3.3145317904251472
186,-1.4470619234508728,0.3424238740907626,-20.93018405856879,-0.196696200555886,-0.10629402684554223,-0.05851399900312515,1.5962918349392474,4.850770088511625
187,-1.9951658612268464,-0.010865975507864788,-18.008143269213722,-0.08338370871248912,-0.0003021468512791614,-0.00098192455482915,2.002114817111642,4.993051044115204
188,2.194299404200544,0.4023965182074427,-38.977437727532056,-0.677068566591011,-0.6288401224051486,-0.5769447592462746,0.5347383025542065,2.2709622932452493
189,0.026579401342765152,-1.4254436675986895,-24.63594595134708,-0.27108207506332216,-0.23775357233903505,-0.328329671081415,1.8867972502914494,3.0866233483657854
190,3.0678332814384683,0.02057592950797087,-41.192783965245454,-0.6982964161344591,-0.6915216819473321,-0.7483170588991179,0.8441381439124789,1.088028574649053
191,-1.7124594294924815,1.1090690266400096,-20.41567445750254,-0.2026099963248612,-0.09549225146699192,-0.00026595402663576184,1.4281103073045922,5.284349122187889
192,3.8831790515092472,1.213616631179773,-48.295134923513565,-0.8703256362443701,-0.8515048159134271,-0.8321661509422414,0.2196357082884033,0.8971852402023495
193,-0.15050902647366016,1.4272962685283566,-28.266725178173118,-0.4619882740700896,-0.35518612568707864,-0.1959831491162759,0.6528158423426326,4.497693184131028
194,0.43948106559169986,-0.02418521260762354,-29.581799055273603,-0.4448790163745737,-0.3765571812270324,-0.32745238047765046,1.0504664345484074,3.510052499859893
195,-1.067220004539216,-2.412060238918836,-16.593832131150858,-0.015299115804840557,-0.006464965839937387,-0.22834627448524314,2.874595302901349,3.1926247016378664
196,1.1787974361648783,-1.5534239005696335,-28.72535854395349,-0.3813705682442067,-0.3752913475052977,-0.5132308484122463,1.8011753086171995,2.020027255217922
197,4.068282984046617,0.5702065770500766,-45.23258135984432,-0.778765593397119,-0.8007483391562248,-0.9165094916444856,0.861547931640594,0.07016908431278934
198,-0.03300696688934046,2.167726477681596,-29.376016998939,-0.5224494638145929,-0.4020214777158765,-0.19023214999075755,0.3487997336677717,4.684207233221569
199,0.5554236649316397,-2.539966231525662,-21.19299016469485,-0.1773590004523472,-0.2046517594644336,-0.48536709663458455,2.713557829751737,1.7310185053166238
200,2.204068731182844,1.3028643696181712,-40.69601522465237,-0.7506368239030728,-0.678428367667762,-0.5421959070448894,0.09821342217298515,2.6977178466441707
201,-1.4556821408682836,0.06049089314092697,-20.561832233081123,-0.17619164566928325,-0.09214542262017311,-0.06697039781779923,1.7150090555501585,4.740673085318125
202,-0.8964734692924061,-2.2315991996078224,-18.042154322980583,-0.061484079817729964,-0.04674086047335324,-0.24082598732188354,2.682858786447416,3.21361468284499
203,0.18899882198953044,-0.29173321031774685,-27.91084344996135,-0.3914101333663721,-0.32699557902144427,-0.3020030212312994,1.2460386107965324,3.564962567213937
204,1.8837169433636722,0.9627648987131223,-38.48158401600003,-0.6911776640710061,-0.620991606234208,-0.505185531165262,0.29479248725579943,2.8214905693805283
205,0.6563165218478506,-0.9572548317032854,-28.680416340284356,-0.3928276829114914,-0.3539027064880971,-0.39865210059588974,1.4711921634549765,2.8724913146971733
206,0.5450501785393289,-1.781658724568097,-25.54191434638039,-0.2926269098656592,-0.2809207276070689,-0.4255719989295307,2.0167636300757095,2.438186191384961
207,3.036104688457026,-0.21066043995534117,-40.01387625127975,-0.6660837228314553,-0.6682838534685829,-0.7578132820128194,1.021550007239781,0.942345304303193
208,0.7621462627314282,-1.569556795345091,-27.189148370414944,-0.34037386251820445,-0.3248129229416601,-0.446926873476612,1.8388299562564872,2.399023781012085
209,-0.2090316184766543,-2.9102967981329173,-16.582473785402183,-0.041894548798458664,-0.07187238706138055,-0.39383780508480093,3.1441168979709206,2.064914720505734
210,-1.8309822598212602,-0.4821160510503411,-18.095746580935824,-0.07660653307160625,-0.004905340946556369,-0.03857542933476765,2.1248696716597326,4.7061125881615276
211,-0.03568796076644887,-2.55728481385051,-19.695079565587932,-0.12429649655136465,-0.13643722210277387,-0.3887500932313074,2.7363770403085867,2.299310920457862
212,-1.832674538501271,0.02513531328375862,-18.78775393044432,-0.11276959046972446,-0.028920030396412333,-0.020141342577372878,1.907045187931018,4.9256293505702535
213,0.651166042061627,2.2500724043640288,-33.10421543168034,-0.6230611655662477,-0.5071055571587,-0.2824623426463818,0.08721602763332703,4.261617930305046
214,-0.38106716605388335,-2.026720398992947,-20.95710192431766,-0.15490790591071135,-0.13765709471525844,-0.3014903874500853,2.3800189815087904,3.001048184545093
215,0.09272750655071071,3.0564526653294424,-30.45176138780325,-0.5892669004123718,-0.45355168397217627,-0.18301811365854548,0.01076235080112431,4.8965101426481645
216,-0.9203341538274676,-0.14617820620999744,-22.80281774612159,-0.24468572904957908,-0.16754969970930444,-0.14425418676115476,1.571718548788792,4.348615605038676
217,-0.747055966590982,1.700177394086397,-25.44495743498052,-0.3897910128723975,-0.273913121548766,-0.10780116719067989,0.787725939470124,4.959330027120858
218,-0.5508738742499641,-2.0450802782615916,-20.186688278082794,-0.1304642941507096,-0.11192764753103068,-0.27833579578923595,2.4417772979707597,3.1090965762792044
219,2.4844023898233285,-1.1676961960281524,-33.39069075081478,-0.5017838632967182,-0.5281004860768861,-0.7250252328981677,1.7314980151313546,0.7840995950453169
220,0.7458595006191855,-1.9759990998942036,-25.339532628476466,-0.28677834135105496,-0.28817775537954704,-0.4703315586201361,2.1522597022032626,2.101880797177552
221,1.233065588068066,0.9065399929124144,-34.98344823233657,-0.6124488298620177,-0.5323584192451265,-0.40899758258317165,0.44183981486192736,3.3250945970700068
222,-0.12663015834383362,-1.2196812592305377,-24.50594937849161,-0.2709658006676775,-0.22916441387046094,-0.2964691500111959,1.8108901168220177,3.3157400415218157
223,-1.362828284120452,-1.8798045674620347,-17.212075135297322,-0.031052639635958612,-0.000544632861724903,-0.15888445432359333,2.632270020124023,3.7305582639964285
224,-0.4777934299246347,0.43523025586606073,-25.673114570987554,-0.35097339546299167,-0.26299373975729246,-0.183306337700872,1.1552629122597329,4.322530517664902
225,-1.6346086510229636,0.5993097212801942,-20.32728535776109,-0.18339009837786302,-0.08700402941729968,-0.026094815181284314,1.5823550842213394,5.052253566801625
226,-1.056230887504146,0.6731190188174171,-23.11741492133843,-0.2796633964030132,-0.18331832607400067,-0.09845353356846298,1.293904177829848,4.762326709674298
227,1.816891480432154,0.6499277078986261,-37.61776362120854,-0.6598937827074449,-0.5964231596067496,-0.5069055004029763,0.4490830439714073,2.7340254755964386
228,-0.6663430736504559,-1.260400567155004,-21.964287610050754,-0.1930633696691877,-0.14724540902109973,-0.22298017482156107,2.008448245159646,3.6578948284908104
229,1.182060615375153,-2.1185742493403907,-25.422545675176853,-0.2941227396491336,-0.3173074161758198,-0.5575345917119234,2.326293869792775,1.4916455148320722
230,-0.30857639952965776,-1.2419843666627166,-23.630101620268658,-0.2445572223632292,-0.2014505704905052,-0.2717679722497067,1.878368466055796,3.4302079334738615
231,-1.01869709265182,0.9784922326159062,-23.57825461009846,-0.3047938995688896,-0.20215720567638085,-0.09370782257975929,1.1618880562607523,4.856809036391068
232,-0.2414074301523339,0.7747454099727754,-27.215631671369614,-0.4077747749491545,-0.31399388162430664,-0.2041527312436865,0.9326476352289063,4.308759794923428
233,1.3966022799650837,-1.72364383122406,-28.459370387759083,-0.37345402861870014,-0.3821139235216381,-0.5625651273500423,1.9575769682703408,1.6458207517645758
234,2.1325932274442776,-1.5632985088749998,-30.204712409602543,-0.4232217086880581,-0.4561807628722764,-0.6910127347068621,2.0269663615937903,0.8404404109619323
235,-0.03235022129109666,-2.7344833888559963,-18.46852263126407,-0.09353546921273237,-0.11611530051453833,-0.4048259692913221,2.922612074078058,2.1097381472130388
236,-0.1950355258187928,-0.3124749860492052,-26.022298475346943,-0.33767597717613407,-0.26983756668304537,-0.24886294353301774,1.3764263740337992,3.818609151784994
237,0.06473906518145967,1.435128691172236,-29.38478848721485,-0.4931918945336815,-0.38794676664364647,-0.22522469131263,0.5732181653886407,4.3620427694299
238,-1.4246315456702394,0.6215132371392709,-21.32396053753188,-0.21854402306935317,-0.12210537395344434,-0.052263083117356834,1.4764200887487613,4.948211456921478
239,1.518485761079405,-0.6610769532103529,-33.234901804395754,-0.5134356355697767,-0.48220629932870684,-0.517966715773321,1.1786290671210429,2.302885171799552
240,0.17398476468713042,-2.7414602389405034,-18.839853998749614,-0.10937092525823278,-0.13813532598810685,-0.4398946966807026,2.930766830794169,1.8952484045187
241,4.971960651768731,2.144082139094089,-54.691585396511385,-0.9929906668944475,-0.9937693696945612,-0.9976631356712617,0.028036324517680233,3.0237135890676115e-06
242,-0.16220515346790432,-0.07101988792130562,-26.55731367673009,-0.36039066328428315,-0.28680460033019406,-0.24434526138537838,1.256553443560349,3.905651709907555
243,3.3584120423463295,-0.33449237007815746,-39.24044950878825,-0.641866351229079,-0.6700449031719597,-0.8370693332076126,1.3280079137986913,0.3135800438549792
244,0.9782268551021591,-0.22447059990929077,-31.846512233939404,-0.4954155367018527,-0.44017851641802175,-0.41442282646202344,1.0166202073399635,3.0051529375578774
245,0.8833185621551856,2.2570908217541743,-34.39056801049181,-0.6546567709100233,-0.5410666562819704,-0.3150296483273186,0.013718655617452669,4.102962782227362
246,2.664160869306929,1.3356162917967167,-43.16870391613899,-0.798505004631944,-0.7359011624939031,-0.6141143454563049,0.041050406861800615,2.2947887238312705
247,3.4024658358952453,1.408635208810255,-46.955119527835755,-0.8647126899515248,-0.8210565619618635,-0.7348240375024138,0.012956778238473965,1.5845773858662806
248,-1.2199212964135908,0.9486443096091488,-22.588947899529778,-0.27160465644068454,-0.16885192115970127,-0.0683807350268264,1.2604114131490975,4.959509883264493
249,3.1619813923465365,0.5350835365036553,-43.47030086322033,-0.7632203707883878,-0.7400347689892883,-0.7354692713446678,0.5016684714429414,1.3363501362105223
250,3.1076744170613146,0.27196901860846057,-42.3420574792512,-0.7307841838369806,-0.7153935901725046,-0.7403734116359502,0.6691321055087733,1.2231934774299118
251,0.7485691322201129,-0.49349606845296173,-30.199006546513388,-0.4454909506124979,-0.3941366966427826,-0.39153976057294126,1.2013388624350696,3.0500920053448177
252,-0.7741296674161333,3.923413113858693,-26.09940126486584,-0.5032031761108395,-0.34801713588410776,-0.04545473123288579,0.09371610962689661,5.680413557789237
253,-0.8958764054565691,-2.695771896737719,-15.904016794940583,-0.0004370143060735687,-0.006075987012017503,-0.2714739083768447,3.0494397114352743,2.8464366940212944
254,3.6015478439821496,1.1436740282599405,-47.0698320400419,-0.8508761719333499,-0.8228923281767971,-0.7832177148629396,0.19551689039097553,1.202935265626875
255,0.4239259951787826,2.2228047900125625,-31.848166613244036,-0.5902803139171897,-0.472627209010281,-0.25151109203698496,0.17028111408625346,4.405792890734964
256,1.0583032123163614,-0.9431569057854723,-30.46791446462129,-0.4388106923397953,-0.4068906400218837,-0.4594078230626776,1.3962874521194086,2.54540933556423
257,1.9765111661381631,1.2737651534553256,-39.43735159596968,-0.7242545222225738,-0.6481980796005027,-0.5079792318341638,0.14272844973363902,2.8807603841281977
258,-0.8541830754465751,0.70266084037662,-24.11974125623997,-0.3125207649143592,-0.21644811686254095,-0.12411814349145056,1.1977838727905572,4.656399202656018
259,1.9371780318803964,-1.668013135166118,-29.431459027041335,-0.4023711463930931,-0.4314239882554174,-0.6607265167785361,2.0543621375816397,1.0084598305379637
260,2.4177527627508066,0.4361360637541843,-40.093075065353915,-0.7000932022355892,-0.6566039549765488,-0.6119852244552901,0.5083171679618681,2.073930069287325
261,0.7278929160903989,1.4890902405660782,-32.9357989294836,-0.58728412541625,-0.48751680117141105,-0.31633562814404137,0.34024170554769906,3.931865378361902
262,-0.4401431538591014,0.7358423441841534,-26.18411430410207,-0.3764166533698182,-0.2820475936988177,-0.17842851626111145,1.02142850285154,4.418714651007561
263,-1.9450805558523925,0.20031821656868018,-18.48777364033482,-0.10618886310644482,-0.018288100079163594,-1.3785977529323645e-05,1.8903265434351357,5.0547540124172565
264,-0.9806812174008002,4.435698887765107,-25.094481229415578,-0.4953918070415738,-0.33133447039433817,-0.006328842854046446,0.03730854905015668,5.943372668350643
265,2.13821349534751,-1.0138189156665844,-34.020200948120284,-0.5193557207681387,-0.5205823413647319,-0.6441166178133284,1.4529724230649224,1.4088140815875678
266,0.20749881425907812,-2.905369245882175,-17.113156586346516,-0.07123986348757982,-0.11457650978389089,-0.4659423212268513,3.17631022620406,1.6161909595368622
267,-0.9962272220779367,1.3134102239571153,-23.955215188313026,-0.328739599148267,-0.2193693315389592,-0.08641619582629634,1.0294487940714303,4.966778428006506
268,-0.8355801928944135,-1.2736941425916655,-21.164361628957092,-0.16744590112709556,-0.12076503447948517,-0.2005311759167826,2.0775344967902196,3.7580456961041944
269,-0.6281565525281891,-0.8309467609640059,-23.052604259298786,-0.2353251045986342,-0.17754137236974565,-0.20980483259064353,1.7739710961441002,3.854185456384089
270,0.9683952437367198,-1.5616328999991638,-27.975683997932517,-0.361549910800564,-0.35038856518574923,-0.47930738704486797,1.814898157064976,2.216706599198304
271,-0.7087190818841336,-2.8473844571046705,-15.65511226576847,-0.0002539268478355394,-0.016351557793882865,-0.31055656118355446,3.1441168979709206,2.5646021839132125
272,0.746820653745508,-1.7760091856329887,-26.289593134761425,-0.31366206038170896,-0.3061536321292232,-0.4570899393394596,1.9914379645824998,2.2617413816719925
273,-0.8057086404561176,-0.8540218352071218,-22.18287479939532,-0.20757343339971113,-0.14917625335224527,-0.18669064987178652,1.8517050793736747,3.9540035610824433
274,1.204572239726624,-1.3421369713826707,-29.69866470347203,-0.4098010321105908,-0.3956769236140951,-0.5043853672210845,1.6434799271997673,2.1519478330736086
275,1.6179537201979737,-0.17248117508029281,-34.96930676705569,-0.5698907594351605,-0.5253690463011055,-0.5104616453236643,0.8896323034880238,2.4924139763140025
276,-0.7202414023812578,-2.0430196499959563,-19.481884263755887,-0.1076732924807553,-0.08732433929932248,-0.2544463949301936,2.493839543924839,3.226401858456419
277,-1.0213357073506177,3.8447363794540266,-24.847768937880375,-0.46082791304785553,-0.3060332916235361,-0.01514110444469352,0.2243646680375575,5.7969710393130605
278,-1.3564660246941784,2.363953587721368,-22.824205110993827,-0.33190599963864786,-0.20146699838719984,-0.009783245036055432,0.8303309898210229,5.526135034873156
279,3.142541266042066,1.3869697520601008,-45.676117426895615,-0.8437428179215258,-0.7926363933944653,-0.6911580214646675,0.00881372549187831,1.8486450084660553
280,-0.8651562953066163,0.39727630004326786,-23.746272315454732,-0.29078378925263015,-0.20134717642916355,-0.13270054385147334,1.3227191168309111,4.542437178475705
281,-1.3482578899348816,-1.3148699518290505,-18.7428953779677,-0.08659585379022294,-0.038382908641544145,-0.1341483460351215,2.3062959322912215,4.04196195764366
282,2.734895123398636,-0.5000112748239534,-37.9484122660643,-0.6165888188797441,-0.6185533861086425,-0.7198087412681771,1.1679146484208531,1.0971902281805108
283,-1.1908256741153043,-1.4962643221637968,-19.025515489702986,-0.09442143714702134,-0.052346198424941814,-0.16303393265246768,2.33805854006022,3.8527671340550844
284,-1.0074599238932649,-1.4885342390841623,-19.87000487850373,-0.12263947633212313,-0.08134521067178957,-0.18712611102284138,2.260433180060628,3.7470267438326372
285,3.5103840288501673,0.8616989451075039,-45.81335810459096,-0.8163364356385551,-0.7948011809173794,-0.7814951215245073,0.3571734005937529,1.1324425705560799
286,1.1004389384644075,-0.7048819903622224,-31.30952239133874,-0.4665357746842568,-0.42771490192641604,-0.4543235581712898,1.2510048211266631,2.6485562404089293
287,0.14399866790357496,-2.368690748692356,-21.368339421049022,-0.1721526187203346,-0.1783238940304217,-0.4022567464530775,2.53908362162978,2.316917710466645
288,0.981739937917637,-2.3261624028106285,-23.505510667274326,-0.24375088615167761,-0.27259725398543155,-0.5409870439903357,2.5283646520487535,1.4898954100336093
289,1.0860836459787526,2.132614296252931,-35.4304175768267,-0.6738402516550863,-0.5651203703244327,-0.3476806337513637,3.1305885871135697e-07,3.9139160409623885
290,0.6932726594991241,-0.7297462703818617,-29.411743147917395,-0.41815269686122325,-0.37283916787965565,-0.3936887889650391,1.3377201485822225,2.969007191918654
291,1.3037532521121182,1.2366521285399767,-35.77167256180213,-0.6439407359673315,-0.5572801157622276,-0.4079782262063588,0.28823221025207,3.408014537635812
292,2.143456733402607,-1.2268510058249695,-32.82528347158824,-0.48739989641755266,-0.4995697494674022,-0.6611868712501001,1.6473289881959874,1.2092142784014055
293,1.0188023212357606,0.8817979110687173,-33.825775914036306,-0.5844129149985151,-0.5017642945121078,-0.3783773594248593,0.5029236706267899,3.4782740081374497
294,2.1272774886990136,0.138113744371827,-38.04297545455658,-0.6471073848198314,-0.6051425614742771,-0.5779624510690455,0.6809944354305187,2.1917280758704676
295,-0.560345823530854,-2.2105700877103347,-19.51338241099853,-0.10979812799854305,-0.09762398402509243,-0.2866955560984672,2.5610383202433145,2.9993075032875396
296,1.029720726773503,1.8902219566018577,-34.926249141973145,-0.6517767307932976,-0.547280083127393,-0.34697011934783095,0.10419997862696584,3.8660792945995315
297,-0.9604990388555912,-0.6356515219684844,-21.857095257718825,-0.2019525861821737,-0.1368295552961385,-0.15725307381399833,1.8080349634791624,4.152464075376429
298,1.2141482710099964,-2.2730603185819462,-24.025810539651197,-0.26187874830968605,-0.2975940694847904,-0.5803415156389062,2.5358016456468824,1.2500500833431214
299,2.3407885902412255,0.17335864283479624,-39.08014786226033,-0.668997598756456,-0.6315977652954833,-0.611498823588694,0.6564087025818761,2.0028027071768983
300,-0.9481958887455058,-0.3931820159707577,-22.308752847558054,-0.2223290808157491,-0.15109739339130468,-0.149627982770145,1.6919275707327524,4.256268318012753
301,0.37914852334813975,-1.6025398423207178,-25.56807406847047,-0.29514294388260165,-0.27338132499663104,-0.38975113708956155,1.9187165983784598,2.7021348782734007
302,-0.006817260165796313,-0.30381395149165125,-26.94392586809849,-0.36420971484142195,-0.29798329544062596,-0.2748082133780816,1.31133308086857,3.695484179297226
303,1.6904837122358867,-1.8823724426378114,-27.609476998805963,-0.35557199226173586,-0.3865193121875954,-0.6327314439182752,2.211809902547528,1.0977063852165851
304,0.6548115487464647,1.1646677898100748,-32.23167739098604,-0.5567775306516949,-0.4631189953648224,-0.3163636406629995,0.48674059046306367,3.8584478607904713
305,-0.8884334920346211,-2.0479791983379956,-18.74754189560121,-0.08355283582935658,-0.06190002988431431,-0.23146660457810897,2.5544662390065502,3.333967253028071
306,-0.019070929837956996,-2.0098047194345328,-22.47481121959066,-0.201897041596796,-0.18909408718464427,-0.35341170215202766,2.279082285500245,2.7399886443377115
307,-0.7589625067835613,4.225929931145432,-26.205185409355224,-0.5200850356834872,-0.3601143289676825,-0.040173626578348,8.532507296710179e-06,5.758953974276264
308,3.3913774753390324,0.0905404376903686,-42.167080136593,-0.7152065616490375,-0.7207697897293046,-0.8072670265377797,0.9044493677752916,0.7041731568856758
309,0.502136364312558,-0.7507338052290649,-28.48464951081344,-0.393279360080364,-0.3456382602931626,-0.3663053958582676,1.3913920216740951,3.106471614013347
310,2.525842142540507,1.444911103442714,-42.629123709328766,-0.7938160659216668,-0.7250908296444727,-0.5876424134017724,2.4675740253138345e-05,2.47413318171924
311,-1.918889881156863,-0.2794523266823724,-17.995233927551585,-0.07700572629537772,-0.0002877130215372947,-0.02006174494463142,2.0785207016493024,4.840369179507561
312,0.9580706852003171,-2.1436508760777615,-24.89539850382709,-0.2772684871798775,-0.2936273628532692,-0.5192971491601273,2.315424419520894,1.7265048952787891
313,0.6886030149366835,0.2693984788191127,-31.28182259229112,-0.4988840605664938,-0.42640065231858937,-0.3523502644952289,0.8509971440693793,3.460399840993937
314,-1.5981865171999967,1.552734042244969,-21.258551771741423,-0.2475522317124801,-0.1318022368527647,-0.001601693060427345,1.2155933511251211,5.382593166074876
315,1.4060496439755097,-0.1885279305330883,-33.95092922951284,-0.5464119576380937,-0.4979440630907018,-0.47805436367585097,0.9245530761591927,2.6693972798652976
316,-0.4870455228096464,-1.2597074316804986,-22.779515417768284,-0.21840789557219364,-0.17410273466981552,-0.24766156829522679,1.9460298651620145,3.541015657647632
317,0.24947064892270276,-1.2135127774943655,-26.20046083452247,-0.31961551316215464,-0.28249204482603096,-0.35049862861115233,1.707042245488423,3.0434871055888744
318,-0.601908258754948,-0.6012757321864697,-23.597544457899065,-0.25756366119568186,-0.1938253153107351,-0.20415394882821147,1.6536639034484355,3.948244355306513
319,-1.2929844709657559,-0.17411999221894092,-21.012900931664188,-0.18535621023376192,-0.10729389176885484,-0.09628346343191974,1.74137050311455,4.551613967851206
320,0.7462221706268037,-2.3389589757062206,-23.10743746354603,-0.22865132753481487,-0.24944656116914343,-0.49947062177984336,2.501203120104513,1.7525747092686836
321,1.4027202247691193,-1.9073817091338128,-27.276218891595803,-0.34316209567029443,-0.36225918737848073,-0.5789856656584194,2.142387538362793,1.4548922368680879
322,-0.17267517552817235,-1.6426472752065684,-23.13051478299678,-0.2236537092229275,-0.1950649630637199,-0.31053248382016696,2.0717401568983487,3.1009350186298237
323,2.464974026723012,-0.5448140348322876,-37.084314289756236,-0.5990123295050651,-0.5918401100435441,-0.6723634241480949,1.1384130363311153,1.3966129369458726
324,1.8893915985775758,-1.4699141291827402,-30.921661524623374,-0.438619535031902,-0.4529347788311333,-0.6326468155210438,1.8129785890973762,1.2976298123250483
325,-1.4973598726207982,-0.9057505267406902,-18.90057851630053,-0.09762517081165412,-0.03745234317328061,-0.09757077446483997,2.165569038819676,4.331790833801122
326,-0.2216081447400935,-0.5648762202180742,-25.460485503921376,-0.3142540649373776,-0.25274670191713544,-0.2550379373771251,1.5036715380056882,3.717936606734405
327,1.0954570352508526,0.3095604780650305,-33.39353430591766,-0.5519641672438347,-0.4843903912320483,-0.41057146538867695,0.7359435141624184,3.168599450586729
328,-0.5661090606303256,-2.9186061034850197,-15.592716667803922,-0.004086833763920161,-0.026829608029817376,-0.33835052882005545,3.1924244671013167,2.373684593529009
329,0.28239038057562205,1.4717083249403795,-30.55289247794896,-0.5258938347818174,-0.421839799886524,-0.2542177452290125,0.48583218159690644,4.231777437827471
330,-1.4087217287014893,1.2532870482819436,-21.93871302459956,-0.2603310716498676,-0.15084728506094003,-0.034684104028922746,1.2336527057500506,5.175069022951439
331,-0.5328908570196287,-1.8471071444517277,-20.94177094937747,-0.15462573357317633,-0.1290343303254714,-0.27000153800098925,2.305800170051128,3.2270906869685008
332,0.7360688386620264,-2.151853392257183,-24.336942298953527,-0.2597515230989075,-0.2696159508804954,-0.4818052465051351,2.3095252807375686,1.9544058806004045
333,-0.07394987450816526,-0.7882667837468915,-25.72457758159165,-0.316042623036743,-0.2621423112184862,-0.2849057979590941,1.5667693245254593,3.507180549982706
334,0.5763872274202395,-0.2547724860894718,-29.851784652967982,-0.44425389608015387,-0.38374633224344923,-0.35628705767247304,1.122670237229197,3.300942535350563
335,-0.9360708400810598,2.028998867682694,-24.70196425827623,-0.3795587040454681,-0.2565907560258087,-0.0735392229603784,0.7546123556866609,5.181458484394399
336,-1.4639276101368957,2.214776964610368,-22.248779753573178,-0.30656224288696843,-0.17860107247259593,-6.72931113291364e-05,0.9286627376097416,5.535264872527154
337,0.34907451093041253,-0.5219198196859836,-28.252594398433907,-0.3936954559158208,-0.33741222121779246,-0.3342094618192589,1.3123645199702816,3.3385609690993054
338,0.4999857409419155,2.6417871156995103,-32.495806148594916,-0.6245415818449234,-0.4996935957267221,-0.25022623844043734,0.0027433794014173063,4.497270879656667
339,3.740728338292842,0.42856848892769717,-44.422894785088204,-0.7657335667164071,-0.7738628410494293,-0.8547849537861385,0.7759627688479782,0.4833088928591799
340,-1.663697016243952,-0.6881939775858527,-18.525712343061414,-0.0881859440288405,-0.021918572894563004,-0.06763681626808982,2.139035827704981,4.524661188538971
341,0.9407713847552754,-0.47167086670969915,-31.146104429652503,-0.46993204306628256,-0.4211086611972592,-0.4193613502908744,1.1507934339799422,2.9084351812647826
342,0.009699346481645499,-1.627638565576501,-23.9539634806005,-0.2483160813741162,-0.2216384623872799,-0.33619598982995136,2.0149531849961257,2.9753474685222288
343,3.825971119483887,0.934213477605409,-47.046184940608626,-0.8356966468475827,-0.8252406045363821,-0.837562326468685,0.3988056786564472,0.7752232018596661
344,0.2545681059778948,2.6273558142377937,-31.14968027131347,-0.5892979187326317,-0.46256350726497086,-0.21671939604574575,0.0914965405931577,4.653935353428947
345,0.5880909723280947,-1.3812365791339545,-27.159078087760275,-0.34265349212738383,-0.31666293765870557,-0.40952553983799433,1.7381245333997444,2.6737844942721614
346,-0.31759075270143544,1.7435321619812065,-27.638941077858586,-0.45654375292513494,-0.34227412680001024,-0.16389671672463357,0.6019421060984731,4.715648646602962
347,-1.6210053202976393,0.8980705940880227,-20.664337469447723,-0.20450317647605643,-0.10183515541194665,-0.018372303366630316,1.4624782809948411,5.158527039302798
348,2.579626233609721,0.19528488982656284,-40.14958240563985,-0.6899930455864227,-0.6588634878137107,-0.6507589425421472,0.6498548432863247,1.7705189231039544
349,1.2561768992111073,1.9082287924073935,-36.195430694270556,-0.6818047170789072,-0.5798796391198886,-0.3791344954628604,0.03726014713211012,3.706562953656783
350,1.1626529582404008,-1.7354202472522147,-27.80154094452408,-0.3554396624322588,-0.3571071615237503,-0.5228328684172874,1.9486885045266482,1.888658537232951
351,0.22062831723466125,-0.0207104332129866,-28.509189297417056,-0.4163823255608953,-0.34540090133141144,-0.29610640331010696,1.1120202052519592,3.667351477513379
352,-0.6958057223654315,-1.6740765900770413,-20.760714542197707,-0.1498877029528386,-0.11682481739270179,-0.2384299563641158,2.2527709211002525,3.4430348012651795
353,-1.1586979036634544,-0.8849776706270227,-20.49219152140398,-0.15206874388334712,-0.092562612385373,-0.1409035647951068,2.00823858486819,4.1504593187952645
354,1.8988802462805379,0.10199612930040516,-36.91032263630973,-0.6224007496371271,-0.575982735662559,-0.5427330098232153,0.715035625317507,2.386084128401955
355,-1.203180132706339,-1.6990122009245006,-18.440389531961184,-0.07335347188915675,-0.03761452944241894,-0.17099406974160092,2.4582891023118902,3.7448910303944487
356,-1.6464836682697843,-0.45047325444708547,-18.983629032995307,-0.10899597206043643,-0.036748222025302923,-0.0608179164135767,2.022782333502489,4.623701334767295
357,0.4257601541413969,-2.8693658041379484,-17.39769114607964,-0.0870007623455743,-0.1372094056826827,-0.5035329842733374,3.1908755029972533,1.3833643428613493
358,-0.7370682802633501,-0.12220433084527257,-23.70829555933004,-0.2738607260495055,-0.1971811351294842,-0.1678470785870494,1.4883015035712919,4.248766776692058
359,-1.1172490355520992,2.3921585393588836,-23.988432191062927,-0.37132561568257116,-0.2410365751465975,-0.03991030975202714,0.7134217881285236,5.403827247423576
360,1.171713269983468,0.5996890944508226,-34.23419330979842,-0.582893393099194,-0.5092463326207665,-0.4109935680302922,0.5884962763965704,3.2397904536199613
361,2.438186561483189,-0.7768515158577515,-35.908561513384164,-0.5664726346879472,-0.568658787652142,-0.6830525496316908,1.3202574726139114,1.2415559659028996
362,-0.6823743503852597,0.4264816159821315,-24.663343345787705,-0.32019989134718585,-0.23111246365449833,-0.15607206466281143,1.2376134767242557,4.444760873661004
363,1.6463963629644986,-1.6998234455521875,-29.055285958417887,-0.39011866222143154,-0.4071011283123154,-0.6062732445068881,1.9824862081536603,1.3711174288818413
364,-0.34339360560805154,-0.09139057963375379,-25.646790737144762,-0.3333494572195185,-0.25871110450145396,-0.22011827022189667,1.3282064538788632,4.015187151729188
365,-0.9048330331387415,2.4466405953806563,-25.05462823638208,-0.40740343950106184,-0.27688934671522214,-0.06612473167889787,0.6031628464242583,5.3016701867144835
366,-1.1394456013693635,-0.6430144719205337,-21.012123932695363,-0.17420010389315965,-0.10838642474158611,-0.13384878110146936,1.8850765759563601,4.254369025413004
367,1.082924437139814,1.2168919357165788,-34.56449348743614,-0.6153272546537005,-0.525936194054679,-0.3762789637439442,0.34949869064770367,3.5675768722124825
368,0.9425445215455523,-1.750388254703288,-27.06089553150707,-0.3351313168715735,-0.33134001800024626,-0.48713111688620325,1.9604843595433354,2.0969711189111124
369,-1.4736899766831026,-0.44304089450240414,-19.78739903911372,-0.1372164960641079,-0.06516155422701075,-0.08270634015896627,1.939856035273801,4.533833941409302
370,-0.19837810029967162,1.0838792996467592,-27.731752385760117,-0.43381163794052935,-0.33374230861037113,-0.20009874346730372,0.7979411222069883,4.400436978092683
371,1.6422791645003585,-1.299153359742931,-31.316911929943444,-0.45048492619927805,-0.4471165710495386,-0.5752323628379357,1.618230025054511,1.7394908104451305
372,-0.4572643937701617,-1.031817733384122,-23.434238357939137,-0.24272199402126715,-0.1919666408047247,-0.24170892095391594,1.8150358389873156,3.6422285547828466
373,2.826474977420958,0.22325997392184505,-41.20063490981561,-0.709823923873689,-0.6857978924391792,-0.6922703250258551,0.654293945468345,1.519231077110697
374,-0.40162993687318504,-2.574151322725264,-18.39542994494995,-0.08102450912698966,-0.08725912070281616,-0.3341481752545915,2.8130379768014686,2.588591960071717
375,3.0840827772905897,-0.4367165674498704,-38.7174656108675,-0.6311129230903534,-0.6476354363541572,-0.7852941170570296,1.255363850103175,0.6605533726062354
376,0.8596666997801057,-0.9393323701643613,-29.623723831768817,-0.41768604145282906,-0.3817721776230031,-0.42858754172777414,1.4237171011730785,2.7166161990468156
377,1.6685898743263508,0.9362117871021194,-37.31485967450503,-0.6654586619208147,-0.5918941009653403,-0.47322689285758235,0.3415429656382873,2.989867160035362
378,-0.27588890037833735,0.44943958626704444,-26.685962308037773,-0.3811441051867326,-0.29432446454791406,-0.2102844264944802,1.0751909186904363,4.200697981687901
379,-0.44227485859501314,-0.8103583284226893,-23.959387425121786,-0.2635185357834242,-0.20666375393367098,-0.23443346990099334,1.6977513560019477,3.744523502593066
380,4.210667197611405,1.312541865608199,-49.57128474064282,-0.8891564495216943,-0.8822524773262076,-0.8909774414081957,0.27039490167553737,0.5189379007130572
381,-0.3685945204904417,-1.8474945957664786,-21.639788530383285,-0.1765117551754295,-0.15275258564526184,-0.29328693064344324,2.256632208702202,3.11196231178824
382,0.9353830025651426,1.5462510609958198,-34.107430554028674,-0.6180378709664296,-0.5195465252312388,-0.34418585671785673,0.2594642754839944,3.8051527219508627
383,0.3433841639265607,-1.993870841734123,-23.905712720088662,-0.2448248089546663,-0.2378489928545865,-0.4074592963407003,2.202743228235282,2.453872607838157
384,-0.2647872882703304,2.131070734444317,-28.146024003565667,-0.4866051197219603,-0.3652485637996219,-0.15986675508270098,0.447975637533073,4.816811650737257
385,0.6259197885980008,0.012836653732055225,-30.562635732773327,-0.47154887125405887,-0.4046947913137059,-0.35295885366422064,0.9836666667746468,3.3904135446273527
386,4.271982008375472,1.5826305412698085,-50.83883416626563,-0.9231564888969808,-0.9083255486188467,-0.886751340629733,0.09705207080585174,0.630965920818676
387,4.17682581998066,0.8003967483062857,-46.756096019182564,-0.8143743606420624,-0.8305176748714116,-0.9213181988416065,0.702166746137956,0.12100743388138335
388,-1.1954848547311308,1.6563767498696016,-23.226903170085652,-0.317861868314557,-0.2010476425024197,-0.05034305444040266,0.995086362747093,5.200398491984037
389,-0.7679549058314397,-0.620095806022583,-22.78440272955182,-0.23184071446706433,-0.16745187043185183,-0.18242237071825118,1.724978260281894,4.042976645549546
390,1.027823816296726,0.03459280719863358,-32.58231030354239,-0.5224100178445816,-0.4609302239128725,-0.4112582861395271,0.8794518010808732,3.092724382622401
391,1.95798814777788,0.3951808817877868,-37.8322654096378,-0.6536727627802339,-0.6001145167300381,-0.5394111493969413,0.5569574972075364,2.485054355014584
392,-0.6417280436972579,0.715722187325796,-25.168966683374396,-0.3453341592854072,-0.25012677042931264,-0.15197291125370116,1.1071310224389284,4.534597021258329
393,0.30730285280718483,-0.7589284396607343,-27.564059570435727,-0.3682921866968544,-0.3181560607316354,-0.3382086676530697,1.4438983062224664,3.2487988409703483
394,-1.8215942083708416,-0.2314378626570644,-18.502685118465628,-0.09650004094279208,-0.018689237941258985,-0.030584519451345327,2.010202650157827,4.811391558213014
395,0.8190062604602506,-1.1464871188123111,-28.853093632678352,-0.39257418258262333,-0.36277202508065165,-0.43267254630457386,1.5540580347343855,2.626935704805364
396,-0.3926300214896701,2.990135629241073,-27.857238986695613,-0.5143319229479006,-0.37663072521584107,-0.11936945071570182,0.21769345156776132,5.1749365699219085
397,-1.3261441573389092,2.805329195130851,-23.133170005807767,-0.3602185821715843,-0.2220266015955613,-0.0019440094686017373,0.6756164283010391,5.65052772903787
398,-1.643526049339716,0.03668518750127916,-19.66572424570929,-0.14440802136452013,-0.06052056705747377,-0.04372806237196569,1.811788847143021,4.831737202196695
399,0.27741724928574385,0.23300779646585673,-29.165828983497192,-0.44265576727362144,-0.3660714698094001,-0.2948007099643859,0.9827740210011429,3.7398087297131135
400,-0.04119239037081357,-0.5548610164067597,-26.335393470929855,-0.33971132495321654,-0.27974130605932135,-0.2798959228628055,1.4411358550952942,3.6000565352755194
401,3.0592883939165034,1.0601641638269743,-44.53875141449321,-0.8084770383384406,-0.7645007141098773,-0.6914465628967179,0.17878196692760784,1.7619296391558885
402,-1.3304826416014013,-0.8857754075062239,-19.70119653308254,-0.12547147000948444,-0.06528749991735616,-0.11841371466163253,2.081929859142393,4.248552782459008
403,-0.2592617158885231,-0.7914775451676196,-24.851862052225968,-0.2905815848319051,-0.23487318344968555,-0.25902968344060506,1.6268796330643076,3.6323820828242153
404,-1.6307901892286525,0.3251137833394921,-20.060647230777995,-0.1660503313965348,-0.07565632152943147,-0.035560211545763276,1.688302917006465,4.942487272222188
405,0.07451690967810265,0.22103639510343137,-28.137819089030124,-0.4143319623346291,-0.3359166920940918,-0.2666917083489567,1.0512666808312767,3.8742164094906206
406,-1.0363486027751092,-1.6780894689757262,-19.24128448180505,-0.10033666831835186,-0.06487174539139517,-0.19225904026267637,2.3798056887023344,3.6565429140727748
407,-0.7307401619629701,-2.2286003840446256,-18.74387951988724,-0.0847877326428782,-0.07148403498619826,-0.2637019332696089,2.6259035231612464,3.1048366388017232
408,-1.2132624714885463,-2.063054075532837,-17.29030482852035,-0.034509454603808165,-0.011158387986508478,-0.18831559113798224,2.6863120366328777,3.526950434855668
409,0.118550208388843,-0.78155733694108,-26.63691792408803,-0.34208098197690595,-0.2901956662284285,-0.31199080242588917,1.5067892123329858,3.3746605792781716
410,-0.5248432554242175,-1.6644320342646821,-21.539051393935267,-0.17459505459871982,-0.14279429998669002,-0.2616934611539281,2.1900080446955723,3.334835210728645
411,-0.9685400815049707,-0.8546418491388635,-21.42702452334351,-0.18333397688876085,-0.12397042450889784,-0.16488716124208402,1.9157260979149489,4.052813983590021
412,-0.3178719937011625,3.4502451599752604,-28.37733257804029,-0.5492174850284399,-0.4040409903688953,-0.11750125879803786,0.045759092978779115,5.272112900722384
413,-1.3659097804231628,-1.703238923291238,-17.70202514316103,-0.04807960406939271,-0.011724748244975047,-0.1497289937104781,2.5285674853720628,3.8373422950510996
414,2.7412106149443747,-0.7204303052764324,-36.68586062014458,-0.5829758069735662,-0.5964955721459538,-0.7379309746266283,1.3727504656307903,0.886038919424835
415,-1.0589816912734795,-2.062224141685486,-17.96380597354137,-0.05740870888736538,-0.0349957119652724,-0.2090077932076757,2.6260569010390675,3.432924790234412
416,1.4446499817926748,-1.1195496833666483,-31.419406541073997,-0.45719723152207914,-0.4406120422254235,-0.530703463779101,1.4791416017638626,2.0762084164434627
417,-0.03040900435814997,-2.1987276452774567,-21.624498360663058,-0.17687397005187078,-0.1717821464591277,-0.36356113906611676,2.423551677509701,2.6068573268484485
418,-0.7108681310580804,-1.858122197564746,-20.140071909196447,-0.12898017292152542,-0.102049663555568,-0.24574571956880387,2.370684896941807,3.3401832341162736
419,0.6124682272494812,-2.7102647576652203,-19.422329661259777,-0.13870888278750682,-0.18205415670553127,-0.5165764392832217,2.9739808168996995,1.4135509558508197
420,-1.1004027659663063,2.8223529224436184,-24.231823113863438,-0.39687509965525136,-0.2590054683275951,-0.030645207262727236,0.568548019085339,5.531854746880967
421,3.4078777866456105,0.32903095142183325,-43.39779414200669,-0.7487638978299815,-0.7440580311447438,-0.7939259233028447,0.711355506342916,0.8807667070114734
422,-0.5736645285045592,-0.35634612063156085,-24.13873848401411,-0.2805401178804007,-0.2107120492255693,-0.19854983095468326,1.5299270284653168,4.043737500039242
423,2.0040941905382135,-0.3708631868642126,-36.10684520820509,-0.5866986287984368,-0.5580265408955252,-0.5825036419629095,0.9818553224784865,2.0140504869833
424,2.4337748431236728,1.3161857606390732,-41.93340731323334,-0.774938496835729,-0.7073909336195789,-0.577900510566234,0.06725644054746227,2.4989687163288647
425,0.3016928791868718,2.8561713236040127,-31.508463998559165,-0.6084743557196359,-0.47796584154569466,-0.21694883863744696,3.0527561976911866e-07,4.698306815537508
426,-0.34011932847976745,-1.4411568922523954,-22.978727014841297,-0.22162399785570608,-0.18440936921048356,-0.27666314097219546,2.0001963486258805,3.339922979853887
427,0.9518260600747617,0.5785806777855015,-33.07232848362541,-0.5545436834066175,-0.47813057005300963,-0.37935858747893303,0.6486509295976748,3.399523010327564
428,-0.10720026314313102,3.3307788324666596,-29.463954669698204,-0.5743917619407046,-0.4325278266747402,-0.14880406420816206,4.929678420692585e-05,5.107150966358924
429,-0.8623644383086875,2.902992318143455,-25.434577688008343,-0.43822798472899127,-0.29979840991328943,-0.059560082987860974,0.43944987247170814,5.4229145658369795
430,-1.7893976114133183,-0.6959741802255032,-17.941353433185284,-0.06716577867078488,-0.0009217629242278536,-0.0519592749534995,2.202306522268631,4.587091089144687
431,-0.6842333232521742,-1.4678572037952484,-21.37357496810887,-0.17146779685492497,-0.13185445772260707,-0.23005082589500125,2.1290765572443626,3.555156766007811
432,0.5360474560418211,-1.9866719487600577,-24.611091854728542,-0.26557142935867584,-0.2623835893525518,-0.43722417199604136,2.174595151868855,2.2893573920893244
433,-1.2144065578424605,-1.8746746754779657,-17.884752578219796,-0.05416033057506198,-0.024195411614349127,-0.1782518018286231,2.5678347376283983,3.646571820214062
434,-0.09456010595522901,1.78430631113837,-28.816371045467758,-0.4914123287334533,-0.3779104354914561,-0.1929271468926005,0.5042459746216655,4.590314131333564
435,-0.9957303943092919,-1.073943848360588,-20.86919727574936,-0.16109763259257404,-0.10763562204453292,-0.17034068488927723,2.0355490072899105,3.9601813870193814
436,1.8860039341320771,-1.2714272052793554,-32.09011169572429,-0.46940829811250484,-0.47327241730456304,-0.616546670554597,1.6265521783910095,1.4874438874769134
437,1.3096358117180862,0.3288456689044711,-34.501776926907894,-0.5785260675703157,-0.5139971456978818,-0.44191109365611014,0.6836615004371493,3.0067026878447645
438,-0.41365028066576937,-0.5895661968769297,-24.506596279967706,-0.2854259594215467,-0.22285895735515515,-0.2294432118171913,1.5806191031378347,3.8330311775279347
439,2.5020836673935167,0.7001749449293124,-41.09892524171224,-0.7310066746889005,-0.6818979868700179,-0.6140974266958656,0.3650017855633556,2.1329145470431277
440,2.27812147855063,1.5040468503455249,-41.390356922209754,-0.7731640557209868,-0.6975605637334706,-0.5463599468375544,7.640494939376019e-05,2.7218021164999766
441,-1.5905866186159985,1.2152112450515802,-21.06001988889991,-0.22882589924682828,-0.11974023179699667,-0.012548171498252825,1.3317512952110313,5.258835323404967
442,1.1493357075718116,-0.4595208854366888,-32.13904856982015,-0.4945018396445955,-0.44907543240594217,-0.4505273525884963,1.1076568159183329,2.7430074765098555
443,0.01222039809146569,-3.05590349723377,-15.028377551371737,-0.01702028026761504,-0.06758132007238038,-0.4523691094685812,3.403988517440042,1.5837910844684921
444,1.8997755791454174,-1.0589513757995554,-33.17391646578751,-0.49947043238136113,-0.4940789315400973,-0.6043846961312813,1.4530651952845415,1.6471592255700411
445,3.6640184552783808,1.451967196271185,-48.22178617922527,-0.8851710127368314,-0.8492261448955755,-0.7790850051479136,0.020983151218201934,1.3149983935034173
446,-0.9018423923200034,-2.409338094843543,-17.288374154050047,-0.03895857566386007,-0.03142558420257324,-0.2509702137680693,2.8153273498568376,3.0865150424631658
447,-0.0124082275005577,-1.8183828573995213,-23.221854620489147,-0.2249037023367425,-0.20480201114113072,-0.3432964347690127,2.1443736722292663,2.868034555271291
448,1.6148045998854332,1.581062066431682,-37.857407730175225,-0.7045051379270821,-0.6149370141672454,-0.4424983893459241,0.08037147238022357,3.3048239277343434
449,-0.5109050732305365,0.15528584455184352,-25.1710491468284,-0.3268794273741724,-0.24509155862552967,-0.18845506272321855,1.2832708991396968,4.22763417409084
450,0.3780481332242225,0.8231020173089135,-30.420295679627635,-0.49725390482302434,-0.4080608328389175,-0.28846640867686746,0.7055006376739651,3.9164512291018125
451,1.8377427073624149,-0.14524991004447685,-36.03055962070009,-0.593947083051168,-0.5536170946653572,-0.5442228558415858,0.8551888553741996,2.3070684372633856
452,1.738628375084061,0.36969495281484227,-36.70978738915881,-0.6290589147330063,-0.5715186306600077,-0.5060181207760095,0.594960699143992,2.666410925771947
453,-1.491768538916447,-0.6791167916578515,-19.3265478872485,-0.11641940507337589,-0.050292462331336774,-0.08933851852238561,2.0555993001015214,4.436169238814926
454,1.0052641817830263,-2.465014772572444,-22.053626804946006,-0.21109207945156505,-0.2521316186223226,-0.5622173314790146,2.7360796141821226,1.2586562040348512
455,0.14177904060978364,-2.545641875829287,-20.278267376316915,-0.14367703037203772,-0.1592168558374576,-0.4160321182743526,2.708827338072665,2.149393621317552
456,0.13133377205315178,1.792206328899421,-30.00351832545481,-0.5241434129258404,-0.41228081817573536,-0.22362282938148637,0.4208064084715333,4.447859819475315
457,-0.3123961455844144,0.19283304493773734,-26.18902828920878,-0.3581726826241497,-0.27698200255029903,-0.2141644616911721,1.1947658314628944,4.11763031412152
458,-0.7080828465044249,0.13988207377200937,-24.19692014109687,-0.2967727324168319,-0.21406610791653102,-0.16242970743649543,1.3653221822467956,4.3427606642576295
459,2.7969437317510693,1.0601587591483195,-43.297901937759676,-0.787577982328099,-0.7359933066493476,-0.6472409529507566,0.17300397190694072,2.03005229634199
460,0.5975070578741839,0.8448326356441097,-31.580838518324853,-0.5279292668521456,-0.44070323667221833,-0.31884933696438233,0.6311779278242191,3.7713150143015968
461,-0.6669492103279131,2.4804344514573464,-26.259312311625276,-0.4457521257383398,-0.315670905474009,-0.09650951831251486,0.4920126404060048,5.1749365699219085
462,2.116088022032982,0.9697645925948748,-39.69993012153549,-0.7162156925853593,-0.650593129614294,-0.5410771582975249,0.26074985550433527,2.623162122462683
463,0.7936842712235173,-2.518586833272997,-21.576889887768864,-0.19351233558243264,-0.22865734990070608,-0.5269280553803497,2.735768122117163,1.4705476066593204
464,2.0619671029470052,1.5759772925358917,-40.309830550722495,-0.7551636550483686,-0.6735517201959682,-0.5103279855897751,1.6211832914864166e-06,2.938031275869703
465,1.3820026432050505,0.6097788601860072,-35.33063615956175,-0.6084282271319725,-0.5379522982660401,-0.44203643710173257,0.5404319588106898,3.0775653979842597
466,-0.38644569942983686,-0.3468352517884014,-25.04781854076506,-0.3081471485817696,-0.23951778241952204,-0.2237502383278991,1.457894258794464,3.928551440635373
467,0.2224569651550219,1.116785270722494,-29.921320461627936,-0.4952718981601616,-0.3980955412820534,-0.25704258532721536,0.6395970936165409,4.137945941228438
468,-1.2550988757664374,0.3507845574176976,-21.838073267531573,-0.22758612736453043,-0.1375519251448848,-0.08306133719972697,1.5069337979295994,4.7481650778368385
469,0.8691484513410908,1.2014124485827673,-33.40652128080275,-0.587133592877372,-0.49526397588164184,-0.3458391309240413,0.41177266840631377,3.719078880252596
470,3.2240233760566133,0.8300164676338266,-44.63756628610211,-0.7976944913083049,-0.7664642928753485,-0.7311576243576421,0.3258447401784774,1.450131883764909
471,2.055608303382564,-0.11098293460239077,-37.07665250083154,-0.617138021746561,-0.5811813646856276,-0.5780160523314202,0.8249760212119155,2.119415675405521
472,0.04505068855838079,-0.04696685940993106,-27.606479335910905,-0.39075322456504136,-0.3185605212966043,-0.272342281167142,1.178005996888942,3.7769433145526774
473,-0.7409763990615215,-2.7495159227633423,-16.16936171467134,-0.012381627743075718,-0.022644618547521644,-0.29777243632397843,3.0552220340107845,2.685754365050737
474,-1.5392268120494936,1.852485945558668,-21.712091645989577,-0.27427092389437935,-0.15289023748239217,-0.0005256188758323566,1.0847610506089764,5.454465761440518
475,0.9961122917458107,-1.359955086147646,-28.858040015715606,-0.3880057996449532,-0.36956566041584715,-0.4718538276245673,1.6700213480031862,2.333866360251003
476,2.6541432426444898,0.46985633612727395,-41.23392830905516,-0.7226238718471643,-0.6847572058228033,-0.64996790629402,0.49132839023925967,1.8545283671162507
477,-0.7626303313067595,-0.36622412398761456,-23.22595820339623,-0.2520929547045513,-0.18124917361932535,-0.17340553695881622,1.6061271061193128,4.156503225187446
478,0.15623652574579516,-2.005366834323297,-23.1660977087404,-0.22279753724644602,-0.2127670540390637,-0.3794838409071509,2.2413330393942212,2.602430434859984
479,-0.3923412323162765,-2.20910934420633,-20.192766591857794,-0.13170693202339911,-0.12156344177580625,-0.3107421105890763,2.5135877917014673,2.878753440614809
480,2.1819776568569798,-1.420514154310083,-31.452474723838556,-0.4532522265313752,-0.47894468751297126,-0.6862858985795165,1.8714754692402387,0.9465468739027817
481,1.8577339479078754,-1.7732811736654526,-28.513421805188624,-0.37961048204055536,-0.41183665179969664,-0.6555559981271963,2.1512040817106053,0.9910619703815196
482,1.6027974625659178,-2.0054505478836084,-26.46536938694252,-0.32730105223415595,-0.36280056052087717,-0.6285989452508216,2.337592417878023,1.0596101195560592
483,1.4745110629930718,-0.8906791000359064,-32.33872126188278,-0.48539277281168913,-0.4610680187074079,-0.5228267517177121,1.3248988946264013,2.2005900423805267
484,0.8881043407983098,0.2879781148971855,-32.31489499609391,-0.5251988236159306,-0.4550272346771932,-0.38075565919168264,0.7928592287035713,3.3190364304981186
485,2.386960692456045,-1.3253890442776217,-32.09706122724688,-0.4704111050745893,-0.5017718862972843,-0.720411258391048,1.8710137157804867,0.7420255917634682
486,2.9013727437806254,1.3527085202568165,-44.411637084053794,-0.8210714508327933,-0.7641238974318969,-0.6522502628712337,0.024257666893552687,2.074369589325822
487,2.713174701905822,0.7601395768015156,-42.22686639209174,-0.7542498816172077,-0.7091207378506842,-0.6464531220884424,0.3310880612496642,1.955737236844514
488,1.3501784122307408,-0.4446202621943495,-33.08921267073278,-0.5174373550629037,-0.47552370405475464,-0.48090182501661916,1.0704650757379486,2.5793565120313104
489,-0.6472095919564511,-1.0438628412422233,-22.53390056856842,-0.2147551732891021,-0.16276958263959862,-0.21612041503118828,1.8878641642871616,3.7593454276692895
490,1.6934033807576148,-0.8551236333049719,-33.300059876468744,-0.5085546618540684,-0.4886699623892464,-0.556848373397469,1.2953737192543968,2.011222899987988
491,-0.4137700421273598,1.041311815048069,-26.607480539323518,-0.3998283731063751,-0.2991205797305079,-0.17221705467027915,0.8941447402980698,4.51962530182929
492,-0.03178217491529267,0.7702695948565254,-28.267780278690225,-0.4372869217633729,-0.3453144936802879,-0.23306858601096092,0.8603873819621163,4.171394792953176
493,-0.22054867439575165,-2.7367401566697453,-17.953515764600116,-0.07474023755643533,-0.09312967646008175,-0.3750155740560007,2.941284237463512,2.2792644369322397
494,1.7495727893152888,1.2568050760133758,-38.19558158722379,-0.69779673662943,-0.6179518682704693,-0.4739292961259701,0.18800597488106485,3.0624212358036464
495,-0.5735919814559285,3.4010229836872528,-27.03488824362735,-0.5081289234927848,-0.3624419500254161,-0.08477054211695567,0.16443046831532593,5.409161513140603
496,3.413846070564359,-0.12840225393365046,-40.8012806550355,-0.6794021796270076,-0.6981484570049139,-0.8298501748874043,1.1305099575201338,0.4556439719155072
497,-0.5268600983662797,3.8876609854539894,-27.365687377033556,-0.5394240520949551,-0.38590158482073234,-0.07885878679288094,2.5638247130199687e-05,5.526834460119149
