,0,1,2
0,0.9002534950655583,0.20419931869182428,0.3869479910385633
1,0.08786907614959252,0.7753672892643143,0.6265030236883306
2,0.7658373768205041,0.5300520891976824,0.36610721890359876
3,0.5451763761862335,0.254529703284148,0.8013045414971172
4,0.3342793610019899,0.7582976227861972,0.5622607085801731
5,0.754954715250856,0.5918583981355362,0.2957083844552488
6,0.9979328987804676,0.018524890074095142,0.06521305832895284
7,0.9705324720524101,0.07613011074261263,0.23206426013353307
8,0.2834905919173191,0.47972718075559057,0.83072320131041
9,0.9753063114838738,0.13011705473339777,0.1806927093048272
10,0.11064941057229767,0.9941508147281307,0.0007391745605447055
11,0.4595425055345418,0.0008441947738112723,0.8891651284869305
12,0.40457191779692797,0.91476341919716,0.015833608575273928
13,0.9506121636798174,0.22391079515038953,0.2273925831727891
14,0.6995155470937476,0.6322558096716852,0.33391158725189507
15,0.11015778100716542,0.9251318607435342,0.36576311516187104
16,0.8401183276687503,0.49790072458084217,0.21830200690933022
17,0.3581652457747516,0.08177966486671426,0.9309895319780469
18,0.7692882148759046,0.3972571164584019,0.5021643170202076
19,0.46979291198689477,0.025621902509216078,0.8835380349376687
20,0.6123058158769354,0.40729247086306264,0.6802557068190076
21,0.5900297580106159,0.5890730586974801,0.5527667346629668
22,0.8528378755203008,0.44103885124548226,0.2805183134916821
23,0.8113869914399703,0.0003052169690086593,0.5858585799504589
24,0.6548738492245496,0.4817810408722249,0.5851943575643923
25,0.23923837402077056,0.35734199905383146,0.9032521225498149
26,0.04048708367261718,0.08919434276967768,0.9959618124579819
27,0.8887508636472102,0.36682465526775077,0.2764752368588658
28,0.9837214277140282,0.17331912117798517,0.07415331283490638
29,0.5572321284648789,0.8316532938407798,0.0015419454995869953
30,0.5549530534357481,2.8424909558843964e-05,0.8330436739104329
31,0.37947580783342755,0.9111872689616494,0.17489040165307604
32,0.5648633554390626,0.33331672235665905,0.7581657424913353
33,0.42955882942399515,0.7961041539217618,0.42865830530434995
34,0.6952904199257561,0.6941630465040906,0.18781913802541383
35,0.6960308530259922,0.025474458358807135,0.7182517569999503
36,0.6713834851609273,0.7391487317368732,0.05611152077857628
37,0.30217091744085495,0.3017315807481881,0.9060385525776177
38,0.019572447998938456,0.21815661754371263,0.9763241303424556
39,0.26114988865408795,0.684432328296607,0.6825918932096208
40,0.06383311480961987,0.9984432492858073,0.005330500157156875
41,0.021573458515333106,0.11293112633811409,0.9936018077989763
42,0.3971577253667855,0.24473917400732623,0.8852349761952727
43,0.8589456067817707,0.34799389918215134,0.3769174664231223
44,1.0076626756765385e-06,0.15839532546832064,0.9882903867373484
45,0.4430513589359767,0.7137724317554646,0.5441371559396021
46,0.9531530920682167,0.1391735569009865,0.27062000374345985
47,0.381603779203755,0.8571358357395299,0.3493509847194999
48,0.9630628588186145,0.272829029090626,0.000904497180345662
49,0.33576020605368373,0.6661271580984242,0.6673661511246334
50,1.3267406989176386e-05,0.9059476282075292,0.4255970425967264
51,0.029151776910379606,0.6002367328879237,0.7996982433494803
52,0.6163256535670657,0.7732017968104083,0.15145643540168502
53,0.18792666565781607,0.18719221940462982,0.9644536543995164
54,0.7968465331371952,0.5859486669888487,0.15219880322728896
55,0.9776539164793651,5.046828302584752e-05,0.2148480604378655
56,0.426115842052626,3.36206869966061e-05,0.9053053793762508
57,0.062029395545454474,0.5810801425522892,0.8119236651837425
58,0.11591542844524787,0.43478817174798284,0.8937052049027654
59,0.7264593480385664,0.29164658331927423,0.623313292747396
60,0.9351487956827483,0.16989550610334153,0.3126644215885714
61,0.1905287495783754,0.21670157148877908,0.9581905258774763
62,0.024003160643169083,0.19242035008575187,0.9815699506883626
63,0.9989698429494327,0.020787774053767964,0.04581196745606128
64,0.6633428424380219,0.7251249092358505,0.18701973803650512
65,0.4040503474999314,0.5753046911900566,0.7116683092889373
66,0.5456970301012589,0.8369429423945606,0.05700810289592254
67,0.5812281191467149,0.44505838541003695,0.6822199489775876
68,0.43377145335249717,0.7698177904199309,0.47051846681340215
69,0.9952936690269216,0.08986825026093037,0.0458617788700783
70,0.783818487580906,0.5947255239649792,0.18902213598131692
71,0.1502759201745499,0.9817453524486341,0.1236852685802347
72,0.0018282169634184313,0.8325725383868414,0.5543814894406038
73,0.99284263020966,0.04405888863632822,0.115158727896604
74,0.9941318594060556,0.06905328770315544,0.09170944055918161
75,0.3592458807632597,0.8156413424480016,0.4565062687159524
76,0.7450339604181474,0.6144060231833106,0.2609545354714811
77,0.033001708447549294,0.863761071003429,0.5038615942298285
78,0.026406314919018407,0.5357109584095042,0.8449917628578277
79,0.05259276428224453,0.22271752866233735,0.9744286793140627
80,0.7282633020066832,0.5968280722260786,0.33722586207027705
81,0.8648456891060518,0.029822877357970443,0.5015858831243748
82,0.1748865796001806,0.3478082321928183,0.92147638931462
83,0.6202666814757558,0.520977194653685,0.5874125251668819
84,0.27904538206744833,0.9504408576341218,0.16796857095686016
85,0.08858519646244187,0.49040571317970116,0.8685214661449285
86,0.9953128519925244,0.11074911807233241,3.0550241530218825e-06
87,0.8312150218119431,0.2864554986601524,0.47783237352903307
88,0.9505852982885846,0.29761629478794654,0.11008938573082452
89,0.7066828980886398,0.6715651040349447,0.22454086319586727
90,0.18454445598931554,0.488501188269845,0.8558968961673399
91,0.0008357356813397248,0.30276284609491977,0.9535222095904418
92,0.3302206157553177,0.731018526696378,0.5975270527662219
93,0.13826598546831897,0.94199601382538,0.30685472175833745
94,0.4787373043825341,0.550145587482009,0.6849986809433015
95,0.8357079547923275,0.5476856143111155,0.05572172710010989
96,0.44206415981112507,0.6818163325976937,0.5835940375195803
97,0.31211629766626797,0.891372184410942,0.33277629903300937
98,0.5024372937618475,0.3996850981275815,0.7679571813256171
99,0.134659568149627,7.078073384776661e-07,0.9938460944943504
100,0.9511373725599006,0.3110388960491218,0.024302438493289346
101,0.7626565387598441,0.644854319239238,0.05569701805335024
102,0.21813176429655373,0.8409303879677715,0.4977003167212468
103,0.6563688852181084,0.7495389477618295,0.08890439110329042
104,0.8790796717354705,0.10688051014948129,0.4658103403047677
105,0.150195661418621,0.9769813741331611,0.15468253322809114
106,0.5898396905973654,0.29621502780967085,0.7531828523036084
107,0.27122808046264424,1.9198652802137054e-06,0.9631433806047892
108,0.07470229110964043,0.17231110230817068,0.9835913719777464
109,0.3420240227085399,0.8768664778463454,0.34303072349418573
110,0.11720122348394477,0.06967850654177903,0.990992243412579
111,0.9486171394605024,0.04665209870290823,0.31614118360930615
112,0.9579186400658686,0.2831667237818068,0.056297396574766415
113,0.8020632179210079,0.09046151398451263,0.5940162367320291
114,0.25846418905143037,0.7164992886892584,0.6510693649580799
115,0.9391097286962805,0.1967996657180211,0.28281679505607904
116,0.3337633466126648,0.5970407656748102,0.7311032807453821
117,0.5235181453889958,0.1844370615296331,0.83255893775491
118,0.07841847463590197,0.28738007261322895,0.9552573507505255
119,0.4517878874452654,0.8329749605795015,0.32107947866143766
120,0.40805822811324616,0.6467600299953531,0.6459470254934627
121,0.7874304048672954,0.5233709401466539,0.3263847424283186
122,0.7920945816529162,0.2238245849565995,0.5693069839958179
123,0.7812154775905084,0.5529411338155239,0.29130621963287706
124,0.028322249921443145,0.773996484768391,0.632897000631944
125,0.9214827432481532,0.3915160736079602,0.0008325927222112618
126,0.8854129508523826,0.44313426406563433,0.1476868289633844
127,0.7422210307736137,0.4741303458083836,0.47769645113959563
128,0.559161622052514,0.8091636558162973,0.18746803679432933
129,0.5712389087322282,0.7375142861423826,0.3678668743666653
130,0.05548437280903267,0.3816640981127775,0.9233798940056746
131,0.6671355485943069,0.6669956963830002,0.3346615439131732
132,0.44468070262922227,0.3105786527118398,0.8410070852477385
133,0.017659895592174814,0.0915419515312863,0.996003118587358
134,0.19826298213637528,0.28642977488434046,0.9404214368357999
135,0.479595281173856,0.8294893346274262,0.2893601779332757
136,0.3326900979942112,1.7174071256148018e-05,0.9434986607132381
137,0.14158465093889427,0.9302812145648509,0.340061894044477
138,0.8732123014812114,0.40346295673102917,0.27853008269681884
139,0.9642232851616566,0.07725518774731858,0.2606512465337605
140,0.5533444571190458,0.7800297958573998,0.29388976780672316
141,0.3638902292556008,0.4960375511159181,0.7892105679481798
142,0.9715310571967366,5.0152209832671045e-05,0.24155685288803486
143,0.556981009826614,0.18569591799037097,0.8104636690608956
144,0.45934018706792845,0.8895194113770867,0.0013086799859311027
145,0.8169907652357963,0.5340963110832192,0.21867755308164072
146,0.7695972583689603,0.46853004209326427,0.4351841299190501
147,0.8680948482038039,0.2466532310718108,0.4324837928953398
148,0.018865102489669335,0.016230952689789382,1.000023470490044
149,0.45157461500720014,0.1805047702393385,0.8746572510526154
150,0.991710450626475,0.13369830344702505,1.3318973803516845e-05
151,0.08462033667995747,0.8876793601308886,0.45644923834380663
152,0.001718872356112009,0.520384568181804,0.8550484235452055
153,0.854621579433494,1.152150241980556e-05,0.5233907275595515
154,0.970914026803136,0.1838555225773014,0.15659397794973962
155,0.6449703758882935,0.05453017815927433,0.7640831175017481
156,0.8622108159893593,0.2121607702308123,0.46155510365137703
157,0.2641833095544337,0.2635582163623432,0.9279550850702142
158,0.6250743142719112,0.7762385722716107,0.08685500646166174
159,0.33476107640389147,0.14062787610039487,0.9345463641275532
160,0.422504543541996,0.08811559302690007,0.902911798572172
161,0.39411611824709747,0.9201429455026044,0.00038031716436667974
162,0.7906051926365976,0.4939864694403355,0.364396780806748
163,0.12090971245951171,0.7323649074886073,0.6710903704116001
164,0.7636805228602149,0.6354181412084614,0.12038480955983413
165,0.0013688442847735692,0.3623028947670446,0.9327611520287391
166,0.9923471798092411,7.867887261568105e-06,0.13445118262318206
167,0.44540920753497076,0.5806746873653791,0.6828840781368753
168,0.9057920479241008,0.00012630513915965508,0.42568867291949253
169,2.9119441417378134e-05,0.022616927210120027,1.0001175095112906
170,0.9175384239169582,0.38955278128807663,0.08543781866107938
171,0.6875660872909055,0.4780003832997139,0.548063702965125
172,1.0002729990133288,3.544296258126972e-06,1.613002642287883e-06
173,0.042340231626901884,0.9993504402519581,0.00015188404011470924
174,0.6629138737397223,0.7490153400818499,0.022705555790408866
175,0.21000865098615268,0.1318779352337745,0.9690096647710009
176,0.3317143744554621,0.269688146584419,0.9043076911667204
177,0.15668985380595113,0.6498657398847805,0.7441621566807014
178,0.04434411520719423,0.9973901126860973,0.066870508700992
179,0.9187869855127585,0.13887052585688203,0.3709863911055909
180,0.02521678049548766,0.280533007831449,0.9601679892279263
181,0.9706344503534876,0.24334393793216896,2.243031917724916e-06
182,0.9579119558595527,0.21802184123900226,0.18887930608468909
183,0.4081815263904338,0.9114447285408475,0.055788619851883374
184,0.9591457305524804,0.0517079023381077,0.27953461063090435
185,0.7388109451034597,0.5709774772096773,0.36826329428274135
186,0.242309531305703,0.9572335836146916,0.162515719271917
187,0.6168657812116958,0.15425914170544622,0.7733636122650145
188,0.7755307376129235,0.09015965648138356,0.6263410983059154
189,0.07449777846619153,0.9433332891903866,0.3252073405003642
190,0.25416855263416754,0.049775821746369506,0.9665349703311855
191,0.9977207430565783,0.07178772416347347,0.020612779510941953
192,0.15488037278642788,0.5096957068433379,0.8472043199316742
193,0.7155904712419081,0.44114706396190106,0.5425724835406007
194,0.18941392972029988,0.6311853102119691,0.7542332068702468
195,0.28518360240126484,0.9576009187257944,0.05150884531112074
196,0.025000335836923706,0.9625928371827062,0.2746942259559013
197,0.34650792269930053,0.9232164357615974,0.1702094682120419
198,0.9702608587778259,0.20805404894710358,0.1307469522548787
199,3.654989231143186e-05,0.6174583248100243,0.7871572052751049
200,0.1768533981537286,0.4140284701123374,0.8932257319024548
201,0.2142497682352621,0.39214599889391044,0.8955247886325388
202,0.5701263456213456,0.36659514000847065,0.7364273247115196
203,0.7552957189014345,0.6288577077308166,0.1870427737374998
204,0.07502550802176064,0.9777787569985353,0.19987894482669422
205,0.27247850743586044,0.9648300378641164,9.292385540780717e-05
206,0.7031856170940408,0.12289440093678157,0.702649978716197
207,0.7452145713526128,0.15630510909021275,0.649179774208207
208,0.6062597297989697,0.786685671404087,0.12086327228003702
209,0.32309706027940693,0.8116915430481756,0.48783507126566367
210,0.11885243917780866,0.9908539967385949,0.07113549705910018
211,0.7358279904748524,0.3681624007568304,0.5690661704378385
212,0.48155841936605565,0.5837343077216031,0.654079637037868
213,0.1548985330147415,0.7962186500320338,0.5856844697302727
214,0.0675277014846227,0.991449757098162,0.11585574026161992
215,0.9433088576176357,0.13714781807542276,0.30394417250783523
216,0.8997801994433929,0.028256865257631065,0.4357455612263062
217,8.631316834157797e-07,0.11054453973124391,0.9944948484082058
218,0.18983342023743238,0.7555327090845595,0.6287821130238733
219,0.10229899348116056,0.9746266283717537,0.20370570477472666
220,0.29440974833761985,0.6931224677523112,0.6584159539855156
221,0.931610600514436,4.8091442855315046e-05,0.3645008660059681
222,0.7470692922438613,0.4369393475895693,0.5018659699582989
223,0.33102231767787355,0.9450619410867188,0.00016363925683297528
224,0.815846493791112,0.4563585922195305,0.3569863796395991
225,0.2851858618950453,0.8512328699382479,0.44151937749791287
226,0.8858274333828609,0.1459402284949117,0.44138072141793727
227,0.39868476056409036,0.887200163078736,0.24194609359892588
228,0.5391429416361074,0.7399103197396673,0.40425813572428404
229,0.9235187519325031,0.058828373430228585,0.3803638880270356
230,0.19524644227281768,0.04876521593708577,0.9801129120442491
231,0.99952507308256,0.0005382244514508201,0.04057060909760898
232,0.9574068309354051,4.2324887056186565e-06,0.30203381669807094
233,0.9048609667624584,0.42701049574155103,0.0004397339090702001
234,0.7251329358139991,0.18489567152525793,0.6640630510583646
235,0.46352931739700093,0.39827795969614516,0.7922709656439809
236,0.45371976986935536,0.8742833402149521,0.1769491223809649
237,0.044379352077316275,0.9981826621754157,0.0473112760783315
238,0.9323959075746471,0.36320394439456655,9.369276198105839e-05
239,0.39034318405403784,0.20844595848592884,0.9007332966844955
240,0.9541845456650344,0.29109440491474153,0.07844808893758361
241,0.40216245880336704,0.8717029807412178,0.28115016068073706
242,0.2133432737328562,0.1614354697144236,0.9641022733807684
243,0.18418673950108383,0.5584278442518306,0.809514741747598
244,0.048165091594337454,0.9734436271117584,0.2274989307417326
245,0.8730490313686241,0.3116637736483244,0.37618041692984105
246,0.29552899710424513,0.6608420291454008,0.6950291331966942
247,0.26789544257889053,0.10716998150248437,0.9589539782284107
248,0.000951300671002244,0.9921011632192706,0.13090703354848005
249,0.17189844054471035,0.07334058689237083,0.983073734574957
250,0.11888289082723084,0.7872703900148996,0.6053178305212883
251,0.5230337765336421,0.8325237612305053,0.1859687354265016
252,0.6819021245502623,0.15633604139499022,0.7153768849351733
253,0.2605544320355301,0.6185523077172971,0.7414471944698359
254,0.9489985762994281,0.10876089006570488,0.2979324451824026
255,0.7741174420178615,0.6158066030934983,0.15151662632424545
256,0.651080258818501,0.2582071630077674,0.7148199169258503
257,0.32023744885433714,0.2044813214375479,0.9253331039434115
258,0.4451162929571432,0.6500659763149246,0.6166666448516983
259,0.7081477020072433,0.7065334247335361,0.00011429824256039955
260,0.26246619024769824,0.9298798781185196,0.2606335216664062
261,0.5136248518442316,0.05531597580750914,0.8568866769449257
262,0.6289803471296823,0.08948846717489113,0.7766302819186373
263,0.767810042728371,0.5009506413044565,0.4001009729736697
264,0.41608954113171454,0.17718400241953156,0.8924388477919034
265,0.966878584915632,0.23401499478489662,0.1041344379872896
266,1.247186429251654e-06,4.998780814058288e-06,1.0012495357966005
267,0.7143397567621566,0.5449765102339604,0.442505706556949
268,0.047939798170040876,0.9665164882318148,0.252516783412833
269,0.36823086753264467,0.888819597326779,0.2744276912050852
270,0.5400549364854061,0.8369822422828922,0.12103590347221029
271,0.05326040398822718,0.8742682968832132,0.4839552188032588
272,0.2564866969537705,0.544562703239364,0.7996761397179586
273,0.29450289012343933,0.9198790120252062,0.2658098817482874
274,0.2580964073470562,0.9401102255345773,0.22730700072797025
275,0.9380988658341576,0.1072402695666813,0.3309807964834461
276,0.076686201801483,0.9627920781382067,0.2608551707210558
277,0.4890432257377784,0.3247383547975684,0.8125617364172648
278,0.023357356743560136,0.9947290234107087,0.1101684936759064
279,0.24915796240089272,0.9491532405583449,0.19931752206397083
280,0.24825205226047437,0.024318172868880987,0.968797893232219
281,0.1645886563095895,0.9556507193175644,0.2479391171285781
282,0.7598132704703687,0.5615523477946035,0.3286596411354632
283,0.9251065544234918,0.36375050118917135,0.11346350263871366
284,0.08973436360377596,0.995979893447481,0.04322538783104465
285,0.16067521979569174,0.988750978135693,0.00012194642478103024
286,0.050774672149027374,0.019536227415778568,0.9989282572156555
287,0.409278164730714,0.6136239233369449,0.6777689646930891
288,0.27985168118370024,0.40365129118837906,0.8713408806348709
289,0.7936866580018833,0.3961534543101867,0.46353827362105854
290,0.9741323755072819,0.0459763614301568,0.2229940789613838
291,0.9872977785829243,0.06915172808689213,0.14727089467229124
292,0.21535352517316106,0.8175846934314268,0.5350578299982213
293,0.6913022510028063,0.29633150334457803,0.6598568462652861
294,0.13751131433910285,0.17118763086540803,0.9758942292952131
295,0.7357814886562524,0.05866251390061248,0.6750562984579522
296,0.8678388079449565,0.49013206885037003,0.08816991691961562
297,0.7299932449146649,0.6730435581652526,0.12274523762301519
298,0.9247249310961776,0.1733237235293636,0.34221853323882606
299,0.6842397365474645,0.683342744887867,0.2570566566219041
300,0.21554558717858638,0.9638703612087891,0.1612409967153229
301,0.5261890378741969,0.7881457501215376,0.3292060348437628
302,0.09908299447655448,0.17830187279724746,0.9795218797280794
303,0.8183139859612216,0.22075586150577345,0.5314778827261131
304,0.8835439371913556,0.4684975586669747,0.029655137949449455
305,0.50092905003884,0.7683296828010218,0.40013173773077637
306,0.9444694007843851,0.0006022075635155111,0.3323923330902768
307,0.36373879206180043,0.10995625028079963,0.9261144407628299
308,0.027977017025861275,0.5675761517775723,0.8229949601448775
309,0.7359033047289666,0.00010924069067465683,0.6780187487772596
310,0.8076334692376295,0.5153326266282213,0.28735943406899644
311,0.3073446666216468,0.942081789452691,0.1386002168887111
312,0.21285426544072505,0.42637764306371856,0.8809028068287404
313,0.7012427793123879,0.7044229371551041,0.11968302652053212
314,0.9679267499527167,0.103688435104875,0.23151186568087845
315,0.8678704420031351,0.43237422984112417,0.2477110279135899
316,0.6715028551808028,0.1225385001647379,0.7327646785833698
317,0.059201632958054445,0.44604302980204497,0.893231073945155
318,0.7174389318243908,0.512497142305545,0.47734713068744733
319,0.9312858822695679,0.08222624773837786,0.35573646877598586
320,0.16728098488526943,0.9836362495550254,0.0739476867496376
321,0.8349364594692178,0.5378373078800615,0.11889507910703409
322,0.11520764001480453,0.4675832418276767,0.8767411421107807
323,0.7744130894927634,0.03385841666224679,0.6323259221512949
324,0.301884983460085,0.9553729551841331,4.097183887675024e-06
325,0.22455612140618514,0.5694853305400368,0.7914367170398555
326,0.34938031174095074,0.9356840412116654,0.054679668829831565
327,0.9082663623709116,0.17634435553210182,0.3806557197180124
328,0.16703450529120933,0.9847615554509614,0.055797350837741184
329,0.18155286854268562,0.16082728376670763,0.9709805380451091
330,0.0002473051652659638,0.983252283185028,0.18680636160976963
331,0.056130280151862756,0.5158354310309532,0.8557612340157714
332,0.5935024507173268,0.08929813497771825,0.8010801229861316
333,0.98847052166834,0.14553994512848456,0.0704341145517563
334,0.14660279930756762,0.8672001959035349,0.47807018831701503
335,0.11873019651115074,0.5732124511383851,0.8111549402782228
336,0.5828419104810857,0.7741858002495956,0.255223624274112
337,0.30049314582110953,0.10518278813437569,0.948254932107056
338,0.15625797231545507,0.7721877413950677,0.6171903261031431
339,0.5171021528431164,0.623662832442543,0.5879504330877461
340,0.6291843996819377,0.7772253453140087,0.023431965546650384
341,0.8754334715947468,0.1796853442413348,0.4504601980287015
342,0.08612283832209029,0.9975816043457213,0.0031985675221809272
343,0.16072509709474553,5.711647129809128e-07,0.9873929411171245
344,0.8665122761931396,0.4783045109361231,0.14863885848035824
345,0.46849289438608677,0.43585865618413744,0.769980647729802
346,0.21378417914587317,0.9772500555290385,0.00015190129592453547
347,0.04883783756374895,0.1157536751419591,0.9932108777698168
348,0.3634240769197914,4.899468352323324e-06,0.9345809673663331
349,0.9987716848281818,0.03894073915144923,0.04365153885839221
350,0.2826747968942511,0.9595817257954488,0.02107221732622078
351,0.31748680716645766,0.8560582556921037,0.41131789124928847
352,5.137234719744038e-05,0.03696453480217583,0.9996084173625267
353,0.7134940071128656,0.6843022082214119,0.15503445533822682
354,0.21871042339543584,0.7923066400063153,0.570975354411316
355,0.11183951492962202,0.40370306988709403,0.9128449630547941
356,0.8326399422854628,0.5241586272444556,0.18344282228439734
357,0.8000489604395832,0.02825007187985601,0.6002629608461556
358,0.2849011349746817,0.956652438290985,0.07065525724345788
359,0.4732403438281879,0.7456477824146264,0.47124785660798374
360,0.993030277616151,0.11375552460635599,0.04931547761050202
361,0.0922780410523696,0.9937380132080069,0.07302135525800217
362,0.12329856521259545,0.9809305419245118,0.15256987689943763
363,0.46927276129248724,0.8774469405335422,0.11709598686689464
364,0.27133489316438686,0.9052397392733721,0.32844077969611657
365,0.7087224167223906,0.36904518170720524,0.6041729741410438
366,0.4077909863825014,0.1472547429833991,0.9020988409563058
367,0.3972071373242145,0.46312739828823163,0.7934229026065533
368,0.044803952162255176,0.3431051154871626,0.9395212467404549
369,0.8978978311582374,0.3895151207737618,0.20880586168079177
370,0.36024146257138223,0.23956046338373158,0.9018840474449187
371,0.7174162266751585,0.47804807902626945,0.5099393415273963
372,0.9566209160020525,0.24392435059140982,0.16179582321115635
373,0.8169337813092301,0.39186343852427874,0.42343879356813846
374,0.7156022528587336,0.2607797896932026,0.6500260286412218
375,0.02459250759868226,0.968963174066602,0.24876581036911363
376,0.11511195150617351,0.9096548255898776,0.40015782110847753
377,0.7379518848741572,0.22316107771924582,0.6381018537757965
378,0.534704811897615,0.8173095007359779,0.22069677247508632
379,0.5885710943063911,0.5557267698170679,0.5897646808274838
380,0.8103791498555141,0.5864413385604731,0.00021833493471184125
381,0.36954735796964994,0.7370025664874682,0.5702417810219681
382,0.05452393953141895,0.8962953016090055,0.44138080636658245
383,0.8898894925020964,0.30733328576965946,0.3382327715206041
384,0.8068040156377333,0.2912479134806513,0.5146878562990769
385,3.930646178460577e-06,0.7353330448849059,0.6782653642292916
386,0.47388920436522597,0.47320020054745426,0.7458625086096492
387,0.9823725274531462,0.029132833917857415,0.18644008222835912
388,0.9022416866099239,0.23890073814597734,0.3594736484522039
389,0.811655384198681,0.48743434600345303,0.3249197336494854
390,0.18839671378716744,0.7818997373032682,0.5950938575519116
391,0.47740444369554624,0.5117569479804215,0.7167592525508927
392,0.8577963840791671,0.11891017927311433,0.5010576627808149
393,0.32469163047817134,0.08098605269864831,0.9426967155458174
394,0.1768045547375224,0.9098187759072083,0.3798101464484067
395,0.9769779703734179,0.21449880663602022,7.4050251416629e-05
396,0.8360227680576348,0.11673617916230844,0.5371933051625711
397,0.5557227540472485,0.5884396951493447,0.5908225581948826
398,0.923985466739671,0.38025898490733506,0.0548093357920544
399,0.17159684314766882,0.09934674643280535,0.9824048250401126
400,0.2900331246735551,0.8289191729984013,0.4793335848156049
401,6.979562683263015e-05,0.6500448653466588,0.7617830634391645
402,0.11046876079146807,0.33108266344632936,0.9375883559419897
403,0.024816022588341115,0.9817556093278986,0.1908243859946355
404,0.6173944320731989,0.7871834966691853,0.00038009756012147137
405,0.9981634276999837,0.0010003790562334532,0.06512857394172822
406,0.9504530748330996,0.19347651746901962,0.25160073391500937
407,0.38773619788959174,0.8984636127480002,0.20799591158768158
408,0.22847674549010144,0.9710587090130827,0.07922323722074331
409,0.5902023759026295,0.6217443545917388,0.5195200943867342
410,0.4285812142335327,0.2152307236788212,0.8790150310351383
411,0.19285785858457927,0.025236339265436152,0.982448976425062
412,0.31173520430789214,0.8735974877552267,0.37405064099139596
413,0.3680736538550781,0.567967991317862,0.7376267400383592
414,1.7448699626192334e-05,0.489273582333508,0.8728045202344116
415,0.1526149010479961,0.5493977091319446,0.8224163527002175
416,0.470699166270962,0.2510331185899231,0.8465500049484864
417,0.22156754491290112,0.0277438404627817,0.9756166596895354
418,0.022432690761631947,0.996337507068936,0.08698490887067717
419,0.8138697125526497,0.5786565437716219,0.05736741862232288
420,0.13632860473316313,0.9522299658625988,0.2750874110993817
421,0.4410296448484424,0.8524674818173797,0.2828474435209066
422,0.809430353739814,0.5600645927444293,0.18767616270911736
423,0.15872097229310705,0.9644539793104991,0.21435535406457237
424,0.6884461254573779,0.7204884585672658,0.08962440733645893
425,0.021441619352017875,0.9869104060450803,0.1632229626767561
426,0.9057593773646453,0.3034888623870647,0.29893798692719464
427,0.056702959253840196,0.9092894054402408,0.41316584233596565
428,0.0005726202619359123,0.24183787832781262,0.9705754448663334
429,0.3249228268958216,0.9163055482467574,0.23624676591330548
430,0.8128459530253498,0.05785411659456555,0.5811170223420773
431,0.6343005595071145,0.33155437649441966,0.6992025889146378
432,0.09253112602282725,0.6281059703486319,0.7741730261284892
433,0.5629805855179124,0.7577621195140353,0.3309241489953794
434,0.9408372166255985,0.3387586878748252,0.02705089036753972
435,0.84832081873249,0.0870632515241096,0.5290740172299251
436,0.0208540244153822,0.0602111361187104,0.9981150913409014
437,0.572358939916411,0.8130663626926444,0.12194425232368067
438,0.16722339227698255,0.9476776291260424,0.27621044661040733
439,0.4189826614254551,0.8359034571603353,0.3555683465297922
440,0.8467039267145622,0.15026365964873786,0.514714932224532
441,0.6737958719374241,0.7045681643434638,0.22449555180638267
442,0.5369277174803017,0.12238221707776603,0.8351234085230603
443,0.3343094435762074,0.7001049273975294,0.6344632087285039
444,0.8557182994711396,0.31461164006379816,0.41150481971947683
445,0.599484007553147,0.3318866446763822,0.7291491590811529
446,0.9591477054390867,0.10644909268555561,0.2637770602534123
447,0.21272408744356666,0.8822657824994262,0.4215916891126433
448,0.9796644783908837,0.04820301703102074,0.1963605744724329
449,6.725970913894329e-05,0.5862715600720575,0.8108758528742039
450,0.6719114070635873,0.7331628412992929,0.12139859663663789
451,0.991372431703251,0.0945827643081596,0.09385240984572264
452,0.11893757999377737,0.8567900559656187,0.5029325757574661
453,0.874281202779215,8.488400476335705e-07,0.4924161882149031
454,0.9376462074110998,0.3302917621975004,0.11071495334804163
455,0.15453750452253306,0.7443042359859868,0.6509513550757058
456,0.500715451579062,0.8383339109694669,0.21645541368458102
457,0.15610362875333525,0.6841304866121102,0.7131432794991216
458,0.25161346319090927,0.9668351748092117,0.04968163024718356
459,0.5203243900445833,0.5866514329682502,0.623401000941795
460,0.8038057094993843,0.5946688578617225,0.02256012941430049
461,0.9349465167609426,0.05099078315691633,0.3523812844238859
462,0.9830796472356911,0.18718147299933277,1.3319756150852394e-05
463,0.2199726158518872,0.7373162821093515,0.6392774487228351
464,0.9897282161667137,0.02812667897271759,0.14545739019388237
465,0.2269224412660317,0.04996461757372626,0.973500346710634
466,0.6159648247123848,0.7447419291336247,0.2623970686058145
467,0.6508281657350433,0.7147791713633193,0.260706849145968
468,0.14588167380594355,0.40636891511462764,0.9030293284616028
469,0.060851748433505944,0.6473370285204691,0.760869721136351
470,0.7738012280209471,0.15366862931935454,0.6151493818008988
471,0.5132681114927525,0.7145965014987773,0.47935598969227033
472,0.2490381957188426,0.8673143675939052,0.43309229130441385
473,0.9856074475467941,0.12320671722741335,0.11807429054497681
474,0.8835016078499252,0.24823533454807578,0.39820429991677425
475,0.026052813816065726,0.6316153239753938,0.776741260160967
476,0.272222090306613,0.3309744652603691,0.904345278722756
477,0.8459519939174276,0.5134538245688032,0.14982609968786267
478,0.9104338488674255,0.11380957606486519,0.3980121147625177
479,0.10430944202113662,0.9613199627297905,0.26587351507018664
480,0.08997161839412432,0.717407299541111,0.6912240034305244
481,0.7070224165573163,6.007611292837698e-06,0.708117180963665
482,0.02464023066394839,0.9767255670010928,0.21754770125012535
483,0.6407087603296996,0.6744727039439089,0.3694392159547649
484,0.9849986523871717,0.05046487612855762,0.17116597017498872
485,0.3213240875535628,0.8340081921081103,0.44870526006679134
486,0.049313078046038565,0.19737425172004625,0.9795639277721339
487,0.9683958898953017,0.024017890734214963,0.2510576503737645
488,0.10143253056809205,0.20570718270894656,0.9736587621692824
489,0.2642182597414711,0.2940707448999467,0.9188216183579726
490,0.9819436196304135,0.12502094665774768,0.1460407761185047
491,0.20596174724235083,0.91117745659608,0.35782367138509585
492,0.760301681186164,0.12168528363500676,0.6390216885077246
493,0.5165715184646382,0.5503525401478709,0.6571100766049344
494,0.046545635242830896,0.9928173081145395,0.1156558253175866
495,0.915105129956108,0.40320061702573157,0.028889187183459866
496,0.45511575829373063,0.36035365673744213,0.8156995528527711
497,0.5682690922643503,0.8238002703682359,0.027857728412114244
498,0.6893429321801062,0.08964167952091966,0.7194742887731179
499,0.38340493044673596,0.054364501364332254,0.9225412893665323
500,0.058917672408596224,0.676384029088154,0.7345263410203384
501,0.08198622559527385,0.3886853358441481,0.9188091552787983
502,0.5782645252726382,0.8149084095083012,0.058947704796696795
503,0.2609014098599862,0.9629077969091365,0.08002941816234173
504,0.9263500510691125,0.31878035832697305,0.20237070145189345
505,0.8005863136479237,0.5433524729311364,0.2550996270049931
506,0.8914723826640082,0.17908797429201484,0.4174396982068836
507,0.06905020562591686,0.99707111146795,0.03913369454887207
508,0.08000544764543538,0.26101660931032356,0.9637898805344837
509,0.3415346421995656,0.026008879115471843,0.9399197005750165
510,0.7406347466881902,0.4043222579889526,0.5381281737740157
511,0.98922427376877,0.1402932258059252,0.04897916378011234
512,0.9346339466209861,0.3531024164794036,0.054805928922611685
513,0.6730073089493359,0.22417186834515984,0.7058275613507992
514,0.9621634211495623,0.13577209360273268,0.23916301723364625
515,2.2627100548675504e-05,0.7868465947496142,0.6188023533851268
516,8.944325726221101e-05,0.9942787639593087,0.11402995927277434
517,0.4029067343692949,0.9095780228348473,0.11472918066515049
518,0.17438000027533693,0.9800467053657839,0.09937089794330192
519,0.025350743072034634,0.8834429535602147,0.4705939893682262
520,0.08968574706410906,0.753466296222981,0.6552558803897814
521,0.579849829788249,0.6834239750893737,0.44463138031933935
522,0.3053723117478635,0.13831793356495767,0.9431723453566052
523,0.15389124713851854,0.6164342865925883,0.7727582074075275
524,0.46139046088260877,0.2156837210960287,0.8610999153073923
525,0.7752818634681616,0.5791273016914931,0.25770759237210467
526,0.9947173873479705,7.886679601669103e-06,0.11013684643882003
527,0.871111636344784,0.49293633034835704,0.00038028511927261144
528,0.4899904183735233,0.8723947930066813,2.2428255768085967e-06
529,0.6549229759491295,0.5525771109563195,0.5181643688870511
530,0.730187448803566,0.33331040575254073,0.5995327792338802
531,0.7529779743319209,0.1882904520623158,0.6312958735399026
532,0.6151929542393006,0.25772109772575996,0.7465438764084097
533,0.40634972447741036,0.7081462018537268,0.5784475144362144
534,0.44195324353585075,0.14821678481864325,0.8854744156644877
535,0.3166907673436151,0.41167595904885235,0.8547551441489587
536,0.24737561699707394,0.1641115779175583,0.9557808683268667
537,0.22494402295271992,0.9735107776399468,0.04968768919774271
538,0.22187954339700558,0.7040366038807157,0.6751534040716389
539,0.90697729493037,0.2697562738078026,0.32519801505713175
540,0.8837160814452408,0.020804791156764285,0.4692872486521985
541,0.2346693160345626,0.32572279948068494,0.916880455436636
542,0.0260776735480683,0.4360218411718706,0.8999986265672871
543,0.23517616423681942,0.1051159634329225,0.9675060594067453
544,0.8474396490221723,0.46960985833071506,0.25066407410599395
545,0.6516654888578014,0.15572086894053833,0.7426253750838082
546,6.288285551792429e-06,0.9884607822207648,0.16076049600692988
547,0.907029139892616,0.3827619263326407,0.1786258996798194
548,0.9877946567856876,0.0006915529348532714,0.16263403332048135
549,0.051599691467711,0.9368222570939048,0.346406849631357
550,0.08915249465393867,0.5638477944620163,0.8213166921534407
551,0.7873025975212418,0.056221920197880915,0.6156627455391545
552,0.49729174624162736,0.21749871204387836,0.8403285400921177
553,0.33935940491537825,0.3416707015830249,0.8767350660814988
554,0.027651605471819888,0.7203788577215623,0.6935300405010327
555,0.08799261200501111,0.8245125536730227,0.5591773414114738
556,0.47835102214167347,0.868633366035984,0.14835274135389298
557,0.1448948913733677,0.9871582633651282,0.07157768730897777
558,0.12412757296717497,0.7611140108330917,0.637788974996307
559,0.6045502134208051,0.22454571984136046,0.7648124618571505
560,0.7331753277104565,0.12006367137828207,0.6704635923164602
561,0.07036564929865621,0.9876797643647517,0.14284651841423196
562,0.9140474677815714,0.20517206118944717,0.3519505276554309
563,0.20970301348044126,0.9729109903723142,0.10219432281427356
564,0.9908947719608843,0.07129658379822024,0.11869520318112176
565,0.19069666556494647,0.9570179229689263,0.21995123884807408
566,0.5161563012995563,0.6884173891180273,0.5105790490237208
567,0.9847706856355948,0.09992886886985339,0.14672633930414888
568,0.8810064983258026,0.4238791437025144,0.21184924613280012
569,8.45545204419746e-07,1.002836264440346,5.255643557178328e-07
570,0.1328054690643342,0.9914259833924539,0.023099975409696445
571,0.6062076583324502,0.767807209067997,0.21376814164890687
572,0.6111678044853128,0.7911396066174143,0.056428588592423036
573,0.6799629630891209,0.7371693428119207,1.4999983226399793e-05
574,0.6094985144328855,0.7064965920325171,0.36987296073221015
575,0.5162246715319856,0.5154741147220032,0.6862597939900802
576,0.08778307982792764,0.5265884395412528,0.8463612147924712
577,0.897888545825511,0.04945244819503761,0.4421961375202504
578,0.5652754743730168,0.026562940525068447,0.8251590147802442
579,0.1628835566090025,0.24365017798897934,0.956242515688957
580,0.07697853282839963,0.19992020509157213,0.97760641878055
581,0.1160128545272414,0.8951968197176995,0.43289426880679543
582,0.5849797127131331,0.4811212696625216,0.6542556024251129
583,0.4191022346853967,0.3553344169874682,0.8358422620950036
584,0.20154388093790826,0.9770812227009726,0.07436824787571342
585,0.3573930901022391,0.45705381660514655,0.8146971980522623
586,0.3708558968353332,0.14283808044407906,0.9186370839969111
587,0.9979850594603146,0.0863194268726865,7.66909433972612e-06
588,0.09959719887671738,0.9840992651804645,0.149948124250116
589,0.9514880693362958,0.026004188768424766,0.3093269880654783
590,0.07769116864706858,0.970018288734485,0.23256166244370163
591,0.9304021057208244,0.14136424176963808,0.33891834736567567
592,0.6507649047625544,0.617797953150765,0.4419266490734333
593,9.86321888343072e-05,0.2711089228632072,0.9648655728278899
594,3.519587668657528e-06,0.5532468828588935,0.8337719033108839
595,0.9765104427330362,0.022057763279575024,0.21560412707418644
596,0.8752893175412545,0.3413285148638669,0.34529365829505254
597,0.5222811808328592,0.09336350351046259,0.8482976902386583
598,0.3549229272360067,0.42093635611708397,0.8352119174572491
599,0.759440091172998,0.32929765039222814,0.5623366272252481
600,0.9630517084672969,0.0012628698350261821,0.27176506529804717
601,0.8371485436059082,0.3896604468667165,0.3865034889351459
602,0.3760775931822734,0.6003960275821781,0.7068266247149262
603,0.22628597125712357,0.07537354837379226,0.9721616151756592
604,0.08191702190139107,0.9545898921966218,0.28855453968231864
605,0.3034712717487356,0.0006101574457897883,0.955563766448746
606,0.058993052288099264,0.7050210891532989,0.7075050553961919
607,0.909524188367334,0.057995138275755115,0.4134122383014984
608,0.0002094444595016949,0.42563759728343675,0.9054596086154465
609,0.08989774298708446,0.8038430382543411,0.5936570638415309
610,0.7262480021905862,0.6617304527474035,0.1886602248764306
611,0.0887567840149927,0.846875125943111,0.5258939561757178
612,0.46754654187837164,0.7693397389531609,0.4357672148140163
613,0.9431351186930599,0.3050416637934075,0.13719488019690773
614,0.7811402101464956,0.29217457472045566,0.5523352875691816
615,0.4943912893608282,0.7922743111576332,0.3612901280277325
616,0.2948472357355137,0.5900628757111419,0.7536234699129967
617,0.5030251254836546,0.11153481237870319,0.8582066437391964
618,0.6907073767210904,0.7228549551995811,0.028717605368728312
619,0.5852596837762861,0.6545500888576542,0.4811781490221196
620,0.11912968529026764,0.5033756724343755,0.8566287101604144
621,0.5718649616049762,0.12001567528099104,0.8123087943369689
622,0.24687526966079565,0.9697435125384599,0.021199272898928454
623,0.1889852021611541,0.6949012567739536,0.6943475552895632
624,0.4369874038655499,0.025690885935923655,0.8996840561827675
625,0.6590062772010105,0.2940822133954128,0.6928533343191929
626,0.42329557654720024,0.3946999551620364,0.8168721860210235
627,0.7871379954608845,0.12155808586678078,0.6051056649204528
628,0.7927902545522155,0.569863611808212,0.21863227162163112
629,0.8615622652175857,0.4613740919119901,0.216130069029918
630,0.31248868123695833,0.3772934271368418,0.8727595631003576
631,0.1305952442212304,0.1481266059737697,0.9815158130632679
632,0.9609964394179484,0.27786325502742987,0.02374866398678871
633,0.07289141847865797,0.9837837508506893,0.171929731499529
634,0.2596608413612868,0.6474589093671483,0.716923132717774
635,0.6839525820408149,0.714425879156005,0.15510203703043118
636,0.54543928315156,0.7987066406256289,0.25595677088450175
637,0.027859015815822084,0.9432756264196253,0.3365696356681737
638,0.5920039292452242,0.18842521807348075,0.7840197267312374
639,0.27940340639935246,0.16674511879067233,0.9478430150446827
640,0.49056106224733553,1.4779440150160402e-05,0.8721461516402645
641,0.856681127513783,0.18591375950538722,0.4890358463604356
642,0.8483066425463863,0.25095035438149044,0.4699162786467717
643,0.6760955724595398,0.05875150062641179,0.7355590222230839
644,0.8378755939951793,0.41755674952780186,0.3538136116180649
645,0.3301796417113901,0.9047764165616347,0.2717897907169611
646,0.1668321263972594,0.04990807395015067,0.9848988554479988
647,0.31135013032989456,0.9364524857740882,0.1699356353521014
648,0.1520190957706653,0.12411162312677296,0.9819193129915761
649,0.9830313800013214,0.000494868258129161,0.1851144221325363
650,0.030028577627356667,0.6634313064975389,0.7480827430296573
651,0.42536582574843584,0.8809200626685254,0.21305497522206568
652,0.6409279132025613,0.22559029229095182,0.7360534932198921
653,0.5253751288075069,0.8531705638489059,2.3147731473938258e-05
654,0.34616710856797206,0.17251297648838274,0.9228331815638116
655,0.9307635459037116,0.3601744296208584,0.07961229595840048
656,0.8568865512101709,0.37971013077238547,0.34979260003198714
657,0.3073699345755414,0.9032450401932962,0.30219333764232437
658,2.0957658380374637e-06,0.3294351572548385,0.9448630528763269
659,0.6377814090421557,0.7611945916521229,0.11967407883609062
660,6.225120750813174e-06,0.9785318551594011,0.21197458553834744
661,0.9760215677368544,0.21786667876967272,0.019796633822292693
662,0.8649159423364712,0.5015901088242373,0.02022622749672355
663,0.14173438360019358,0.04699699799017808,0.9896826233761599
664,0.5964880472646954,0.02552540247661096,0.8030627220661744
665,0.42988482666183686,0.4305789789013463,0.7945958520892789
666,0.9398551136600355,0.22702237582722642,0.2566657027066466
667,0.41180175614596465,0.8559738227130025,0.3167456288428188
668,0.9637364909734222,0.19007899854697757,0.18900139008537792
669,0.00013393049285527733,0.9554437580546395,0.30155816974430727
670,0.23403615306625022,0.9669986598608699,0.10584650231509926
671,0.9537341535960349,0.2721658455899423,0.13508711511408814
672,0.9633798714680323,0.2597990676167029,0.07574933140924411
673,0.6330184253426658,0.03299988759025781,0.7743671519954994
674,0.8764569201176671,0.4677158084726721,0.11773019455423239
675,0.9739254157510171,0.20612013935788506,0.09998207174162739
676,0.7642693330702047,0.3652147285613126,0.5335919732816209
677,0.7866974648423795,0.32688074653412963,0.5248650242237708
678,0.37043633788632485,0.7053916508071149,0.6054876980497371
679,0.1703573335489499,0.3117040132358144,0.9354422483369329
680,0.020197090771468144,1.0000934304736184,0.0006950004796410007
681,0.6749932943758044,0.37279528573174653,0.6382175487866537
682,0.9293252358122568,0.28984885646199265,0.23073861002630378
683,0.1801957451235737,0.8757113855217815,0.4492061984590201
684,0.27164531529795183,0.13537491209097113,0.9544193811495287
685,0.7112845299685624,0.4061162788917496,0.5742255955951515
686,0.4479174793323175,0.0544063542345543,0.8935827821344341
687,0.3976666760832409,0.7930820084606297,0.46205533832980694
688,0.3662436791167498,0.274956103973437,0.8895104012017243
689,0.6544812845839983,0.08604911232103217,0.7532663673187965
690,0.5357001796706045,0.2202147164457597,0.8186684065360025
691,0.06212461036100105,0.00018216373097968902,0.9986315462171814
692,0.1539920069483611,0.9710556080154886,0.18319089416396475
693,0.1993091346906619,0.9275138291272977,0.3186129255137244
694,0.11921552401668421,0.8348763961257971,0.5407669155995263
695,0.0002484170380991687,0.9231124485311162,0.39295919619436465
696,0.9709806794542867,0.15654438880685168,0.18461840882077252
697,0.24342489762982508,0.0001004784986617279,0.9724635374146807
698,0.6399800741523037,0.11445616737945154,0.7608036161558186
699,0.11389446774695743,0.9923637589242562,0.04972805505650181
700,0.15659930935510438,0.7134803283988902,0.6850039432883085
701,0.36920817562594554,0.021706083614105778,0.9293471570750783
702,0.9384683857536366,0.28334268876929086,0.19921070709718602
703,0.544335871147009,0.44472499481752953,0.7123569585635764
704,0.4590915267511802,0.8848506242526032,0.08358747835569755
705,0.8361098101318057,0.44911305740037616,0.32011304263624824
706,0.4576060866482717,0.8185721363624184,0.3585181701285763
707,0.08283782342794395,0.4241154699559235,0.9040298182678886
708,0.11989318345776451,0.8773539710342514,0.4677964811952282
709,0.05334616401795407,0.2532127056414163,0.9668604657671982
710,0.5849674056224663,0.15301244405577114,0.7980508914730597
711,0.2353999591463174,0.1379610240981865,0.9632455894100406
712,0.6519605116559447,0.7433783563572084,0.15360763695516094
713,0.1653424833446502,0.2771520446356259,0.9469536187010549
714,0.9797778380770641,0.19664029347096282,0.04996798856708319
715,0.7623363222422065,2.2967383504219977e-05,0.6482887613793352
716,0.8220698453365027,0.5633676138686183,0.0887466191020624
717,0.2650459980658519,0.9596631841786314,0.10134145866355601
718,0.374588116952192,0.9173152399358581,0.14174408579622305
719,0.9807698901943438,0.1530718723865584,0.12748699196422766
720,0.02296795738576864,0.9982738543361263,0.0664398158685024
721,0.37340992667348316,0.8741836022341811,0.31217481521286344
722,0.7424263423821582,0.5380607768944468,0.4060176835172869
723,1.0559098559246117e-07,0.8530506291449277,0.5226193478698866
724,0.11303719635981314,0.9481710414784228,0.2992390925532951
725,0.28230705850254884,0.049791867691687426,0.9588342238622434
726,0.4791546969917622,0.8767127243759535,0.05777713475833934
727,0.894528372442811,0.11302076657431129,0.4329129750303201
728,0.9027421074144065,0.360658585922835,0.23989312701880977
729,0.8186925540815888,0.35748022297325327,0.4497189971212087
730,0.1604723531765361,0.21456330990969694,0.964167807122102
731,0.4447074561892832,0.619143066299317,0.6527850380692927
732,0.2611952549125173,0.07528692916053478,0.9632448395669186
733,0.7899075166139257,0.3651165339854095,0.49286193891127084
734,0.549005111589815,0.8228057657326403,0.15263329006162196
735,0.5885461901229858,0.7526521884497607,0.29644652962855
736,0.9580939207994843,0.19079748283231843,0.2188628013726526
737,0.06668552835428135,0.06565369878050381,0.9960131119891215
738,0.17335135242112037,0.9221190823380557,0.3510032632513888
739,0.2975254943604665,0.7545392369574977,0.5860936397500421
740,0.9825655306369875,0.07298290206299661,0.17246399953888267
741,0.19198301627048003,0.981559473413126,0.021505607112516326
742,0.6491931512221855,0.4049716386474652,0.6442164408001192
743,0.19509051343680794,0.9397734025408473,0.2816097012684961
744,0.3385723270349833,0.9310272209959235,0.14518811336029505
745,0.21987312830957145,0.46349477281330836,0.8595053681001559
746,0.07001228314506198,0.11587336995154825,0.9918502131128679
747,0.8574826142227554,0.056267425182114326,0.5132217969952229
748,0.4230092888242968,0.8175731066746599,0.3910941435083618
749,0.4817555477635057,0.654212618574846,0.5846896875246342
750,0.6205733724209535,0.6194178423107212,0.4835436967608234
751,0.8891188707215891,0.3405414124002395,0.30710505484292444
752,0.022672797191319365,0.13851252408396755,0.990720054974593
753,0.256524041699403,0.8007595621379421,0.5436752561369033
754,0.4578371225072543,0.08075095801410248,0.8861188458658287
755,0.7218323408608925,0.625598952892134,0.2980941895503866
756,0.05113892625153073,0.283352104984796,0.9579178007319435
757,0.36837533947740436,0.5297549160666768,0.7646084418284295
758,0.6691878760122745,0.3339004762041055,0.6663921806027737
759,0.10380820470059772,0.23343110556143645,0.9671614129648002
760,0.18360848562831797,0.9712274048842273,0.15704343159289572
761,0.7122838529393735,0.5749462214719285,0.40579908017440625
762,0.3647280783727003,0.9323985820825792,3.314173603003983e-05
763,0.9249754227849011,0.34205457521286625,0.17319737488524192
764,0.9187876513533535,0.08632447384222143,0.3882744846535092
765,0.823388415070771,0.547270674637053,0.15232147403350255
766,0.5898197761483776,0.5161731985769712,0.6217172686287201
767,0.5068743115856211,0.4382528638844263,0.7435733106975198
768,3.0988033178681033e-06,0.4582589493103214,0.889513730580432
769,0.11965967034319609,0.535599932327214,0.8374691447936911
770,0.7370117333379512,0.6401452728367443,0.22097777798963147
771,0.9681845942507832,0.25000632614655305,0.022693994988984594
772,0.7714562204106061,0.4339312296193932,0.4686082673581709
773,0.22206381603783384,0.6748900092252036,0.7051642255337138
774,8.697550658413938e-05,0.8100504864226287,0.5874276566629022
775,0.277190488738195,0.3683214175732544,0.8886689001277601
776,0.18504143243732016,0.524759808375674,0.8325537176999124
777,0.02407343032111027,0.4025106531295912,0.915485530322869
778,0.27999123175055207,0.8711156250208194,0.4049923875748485
779,0.09457370229982337,0.09438434986164085,0.991773501863229
780,0.7879961147715001,0.00011697357420930266,0.6167777071797703
781,0.989131030273432,0.0981215416435142,0.11868596569394178
782,0.1885136913149588,0.7235958265109529,0.6650486125961607
783,0.07052550539106425,0.09079683694943019,0.9935664456467109
784,0.053038910333703754,0.7354425990558465,0.676046830947442
785,0.2727846929531153,0.9529459437392009,0.13548439671338303
786,0.9362836995130212,0.31075723860925497,0.16555793529966334
787,0.22619910843724625,0.2262598262855213,0.9480118849225303
788,0.9490123507220871,0.2534064879112764,0.19203989926446777
789,0.29107341526290215,0.8071297425494742,0.5151339303801182
790,1.9943813150650426e-05,0.18574764526582788,0.9832697491650371
791,0.9419139557041505,0.023502693991494773,0.33683838918358694
792,0.0010441213128293053,0.06387546722739527,0.9985038867825494
793,0.25453038471319717,0.824350507765131,0.5068263368885244
794,0.8524915850093281,0.2839562495367403,0.44084719627481633
795,0.9739033514254872,0.10266068491206315,0.20764362793866203
796,0.3487938586006266,0.8007157133195292,0.48891206104968205
797,0.14887092624349327,0.0981962349635064,0.9845707367911888
798,0.3695822193127026,0.9298415949399896,0.02727077544148542
799,0.0422563796584865,0.9950990033158337,0.09175481167518895
800,0.08967659938407987,0.6575832861048577,0.7486834394702983
801,0.2475928232654993,0.4328840701701991,0.8680057646162592
802,0.8860116401603547,0.459010729802783,0.08398775353235126
803,0.2990741214283558,0.7264223249172348,0.6301383161379756
804,5.779510422732482e-06,0.39464635131391435,0.9189866282339878
805,0.5313814013343349,0.7647613892213834,0.36640889431535334
806,6.340187669017301e-06,0.9966193187516618,0.08698746677061456
807,0.05064249117286939,0.9806079182438753,0.192004720844207
808,0.9865263235518489,0.1448505025337691,0.09498901243328708
809,0.38060520793735036,0.34958540437439445,0.8566597852373627
810,0.3816539537443333,0.924198124551218,0.05454076267729783
811,0.2319385088976041,0.6393639599428516,0.7342382316718945
812,0.9657454866852556,0.21436699860902395,0.16126929864081246
813,0.7873553510021468,0.6172593764815817,0.0003776596464917233
814,0.8347211909449803,0.059627288415815195,0.5493180272722553
815,0.1426904892132928,0.9026663026801353,0.4067992328817945
816,0.6206751980786379,0.4816487262848915,0.6194974396454108
817,0.03524442315897721,0.36928091222251336,0.9293233305492922
818,0.9480338891034945,0.3155700895123333,0.05464943428446801
819,0.9282568715370512,0.20208685874387167,0.31829905555430754
820,0.08697146981703426,0.9034200133810919,0.42145998401027535
821,0.1832265101596233,0.9766798931205102,0.12717685389362762
822,0.2971340347191485,0.6248835772155854,0.7230591638988756
823,0.14674019963494903,0.019734837312537373,0.9899603079551317
824,0.34862841305378783,0.3815859554796846,0.8565632952919221
825,0.5941566293152266,0.7823152024331308,0.18841799915809876
826,0.09724784223816706,0.06810924188239273,0.9936805157673825
827,0.9434157580030279,0.07893514376156514,0.3237343857173507
828,0.0838608658871668,0.9971850828881272,0.020739682003244823
829,0.9662817220583578,0.0509801312435979,0.25488464996199905
830,2.74676416392627e-06,0.932808481834324,0.36216670569765824
831,0.11666179654969494,0.04548947245864166,0.9930932884610957
832,0.11829964071434869,0.9862454033374043,0.12146309523149218
833,0.39259496084147977,0.4259875585498369,0.8170509812321265
834,0.2536585955301443,0.5057625033155809,0.8253090346667373
835,0.6228527909168017,0.5891155509038647,0.5169108121096249
836,0.46454604488117035,0.11381278525439541,0.8792588427233464
837,0.15375610523749916,0.8205459569284239,0.5525153762507158
838,0.05732706614986739,0.7881382993210603,0.6134607758589753
839,0.42654194250584354,0.9055966835232019,0.00011231863043377797
840,0.318783200879832,0.9261883576146305,0.20282152019439262
841,0.32591220372620705,0.4852284426782003,0.8117706989057136
842,0.9907076027725605,0.1358198154013695,0.023092884346889404
843,0.777282480603907,0.6240253659141719,0.0847267941468728
844,6.009427359081568e-06,0.944626833360558,0.33073164625917073
845,0.38240248048785513,0.16978594006001174,0.9101904965478425
846,0.43312503381944,0.4656952230870441,0.772760088263943
847,0.6152268428275086,0.05885068447649,0.7894330462845165
848,0.4833650255037272,0.618601215087485,0.6195103314949425
849,0.19903236614111536,0.25350961302399666,0.9476652250596423
850,0.8857025569986003,0.08749245698415568,0.4587317869189128
851,0.9966692248044153,0.0012624564723866358,0.08661054047699089
852,0.7233726100382859,0.029140288847553934,0.6907017821180069
853,0.9909511565992409,0.11885810668204544,0.0651608912061195
854,0.6343053484616507,0.6980845490645649,0.33459425186773495
855,0.9993903222670277,0.038342473386783205,0.01713679060745515
856,0.810951982802205,0.32508772399241953,0.48721299357240067
857,0.04620862345286911,0.411324946995222,0.9108852254426967
858,0.5332812026045902,0.8467041787964443,0.022755621374927395
859,0.14776473661311154,0.9846590460148195,0.09503106857101035
860,0.020136807902729193,0.999724392872434,0.025225887424209132
861,0.3504710931809923,0.8555584438983952,0.3819425948673802
862,0.1430199857325719,0.37263187528196123,0.9176962802010343
863,0.9198811806818811,0.0017647977108741968,0.3940725453571193
864,0.48753618464582416,0.8124384793285809,0.3264765881699899
865,6.3536129500479465e-06,0.9987296497281715,0.06258164759046553
866,0.6890854117288956,0.5142208153181169,0.5111176499278011
867,0.027625185247770044,0.24664412982759115,0.9698055162251754
868,0.2408275524504815,0.8902726423697263,0.3912963223236815
869,0.46122545838794654,0.8604891578687746,0.2192838147037205
870,0.6777267785113315,8.189395510491486e-05,0.7365644751721139
871,0.5006964475633254,0.028325562577663183,0.8655850825024956
872,0.09059790881712133,0.6876122115644564,0.7208618271997714
873,0.9823271449707085,0.19027738561253318,0.0214909722828135
874,0.1111192562373796,5.840730524518269e-07,0.9965310344981327
875,0.0003159817042607993,0.8719852179064215,0.489983535572862
876,0.09465214801281836,0.9917379383492873,0.09354675015587385
877,0.9792346664066671,0.1967110299718147,0.0752880527805039
878,0.07115725116824231,0.1463232921368561,0.9870434439408821
879,0.14739822288485313,0.44372473521643885,0.8867316522065049
880,0.5018355674142314,0.8606651265631756,0.11613397382488538
881,0.8898970870884889,0.00040628224464415975,0.4584384361417521
882,0.6477066342053035,0.6438341020547763,0.40806906376773117
883,0.10215202873393751,0.9677934414428135,0.2342805996047323
884,0.1352802974790593,0.2665918879487588,0.9544852823238795
885,0.2917280874928622,0.23394714160121532,0.9279727733889791
886,0.9797873860352228,0.17504054410983974,0.10077858785006677
887,0.35196432887609636,0.9135360372370651,0.20566093121290377
888,0.1048144320811246,0.26425355898549147,0.9591406941415237
889,0.5101572703988687,0.15347244336515725,0.8473315432039122
890,0.42807335567232513,0.9002536853647202,0.08577021360310398
891,0.13932264941245512,0.33954373919354164,0.931748857924419
892,0.3615372540540558,0.9014856263202881,0.2401634231018882
893,0.28527877959577647,0.44078795158661493,0.8535130325758303
894,0.26487207628082193,0.9171002553257817,0.29928739847648705
895,0.9875171965351409,0.16028770189395908,0.00047426073464923495
896,0.9004657932135285,0.43562853142047125,0.026503526852460463
897,0.02528685989793883,0.33811154427987633,0.9417948859859472
898,0.9894035285097034,0.05069055311537022,0.14161387427545868
899,0.07927179777507178,0.32277764442370377,0.9439121360616795
900,0.514159462520464,0.8440153199099347,0.15411625763778436
901,0.7557543542161421,0.03139129634647219,0.6682643915414392
902,0.8551282991831556,0.5240486311653185,0.00015226848533587918
903,0.03299854307762703,0.8232069071915757,0.5681795744325718
904,0.9850655440590086,0.1685802715622929,0.049971526444507926
905,0.05868500146791895,0.5499753902615853,0.8338646736285282
906,0.9656156714369719,0.2559715860242018,0.05062242543379774
907,0.5772114616053587,0.40505130153242025,0.7110261033950027
908,0.62467574016501,0.29465835225849907,0.7235595148477799
909,0.0566907168402002,0.8576662205392457,0.5116596995480962
910,0.02283660261873862,0.0424628722186861,0.9989088479857784
911,0.7944127008122684,0.4287643574463698,0.43070059054647164
912,0.3325555506875031,0.11073799308352886,0.9372170332195348
913,0.02418505569607158,0.8428201483263638,0.5382103870973765
914,0.7565680209033687,0.2966273557700332,0.5875398099544409
915,0.9424145043873857,0.3371423561720206,0.002473257643806026
916,0.1387107736628633,0.9904167251275678,0.044384612266697016
917,0.21927756217698263,0.9575596840269532,0.1931955473087147
918,0.2763803260995737,0.02492177810777764,0.9615269841534638
919,0.29047386347147836,0.9293160500569448,0.23193322869938796
920,0.6377101577410147,0.737145549960884,0.2247705252744024
921,0.5808184396415297,0.2573854693342311,0.7767914980036419
922,0.14623913144157996,0.8871521146270765,0.4422026574632869
923,0.4039486987965385,0.5383921144419003,0.7416333592463825
924,0.15116605119652543,0.47763172775000695,0.8656473453735642
925,0.047876635264814664,0.1672813183697898,0.9854870142153027
926,0.8005446684980028,0.2584432210021289,0.5449127366676737
927,0.18674366827762306,0.5929076068326034,0.7839592858548186
928,0.3357706200681858,0.9362899393134452,0.11123124858604189
929,0.4016965230120753,0.7438729108244674,0.5395346187485376
930,0.32896294347134936,0.5629518990338623,0.759294797651673
931,0.33156984751049823,0.7876584384065959,0.5210849903447347
932,0.6552401970344174,0.5853426656400254,0.4807158219156966
933,0.5478952277149517,0.6859589831671512,0.48021028807433747
934,0.8862189310668804,0.39409986012938714,0.2467220370309861
935,0.9281246550995829,0.23263535380387412,0.29236545838133643
936,0.2560519963350776,0.22776648667120605,0.9398627537708003
937,0.18043977801394628,0.452583804340224,0.8743866189976797
938,0.0945520819014089,0.9887565918798193,0.12109549553835522
939,0.4333676550790193,0.11744296959192128,0.8938891225984907
940,0.8920319483185298,0.41707309377926055,0.17871661782227027
941,0.5482961354219337,0.15030822881174338,0.8241888936735942
942,0.8151130077516268,0.12139748788532802,0.5692329567596904
943,0.2147908824665395,0.00013658261148087893,0.9773256728602777
944,0.7940613904365126,0.4617750071955162,0.39788187220528626
945,0.04193836542798284,5.06959545696929e-06,0.9997495621877963
946,0.6996578012752587,0.3312690795989758,0.6349644604837262
947,3.857028369031659e-05,0.21616514123728478,0.9767390337630527
948,0.743955548547478,0.650563323188437,0.15484267461735207
949,0.5173428745969935,0.6552533331040389,0.5524715416104451
950,0.33708892758698433,0.8901337648572085,0.30903245260103085
951,0.4128056473929845,0.31825270845501336,0.8539114898983677
952,0.4056794255199425,0.9035601586962942,0.14929218015208426
953,0.9793746852466126,0.15576430097155858,0.1541281174802919
954,0.6851687271153658,0.5483860540759186,0.4803771468989447
955,0.39051577936246545,0.0834838840608509,0.9185180222128412
956,0.0006783596779892822,1.00007423144691,0.020269486420494545
957,0.507823733772713,0.8247037174472556,0.25562168948197267
958,0.8220751646859523,0.028348001411447353,0.5691776205054789
959,0.1199510480601741,0.6712772113085003,0.732366009486115
960,0.9938329722674153,0.11313325247320694,0.022666157464222913
961,0.2502386212626309,0.46961434494033283,0.8488183210297534
962,0.1594247641999479,0.18190039756528154,0.9707258073729937
963,0.22383981348190546,0.5326130726131291,0.8180004776945566
964,0.18546394654205892,0.8332593336667413,0.5243220454145158
965,0.7436866357193506,0.5048641505521482,0.44269119724383416
966,0.08372805407941401,0.04204028385458703,0.9960452426139046
967,0.20030250777659273,0.31565575518571365,0.9291032654534369
968,0.5523992822191391,0.5542171308432641,0.6235988588279432
969,0.639781753378491,0.3707368850989923,0.6735578128722199
970,0.2516435892261439,0.8472703600873516,0.4709141477648228
971,0.22289959068578055,0.9492463710993317,0.22347669445830984
972,0.06522008945622786,0.04567804021282561,0.9970196852284855
973,0.18509753297142298,0.9830114570248537,0.00015651914641382457
974,0.2933317256763291,0.5528029766646754,0.781267742565351
975,0.684969513307203,0.2582877436160052,0.6820941445161867
976,0.047889242854208966,0.14242396458138462,0.9891316785149081
977,0.39755038913460056,0.11101578811960408,0.9120086249154483
978,0.4636617952950398,0.7951958044470762,0.3935282271761366
979,0.412503494297505,0.05679074410451021,0.9105013038992341
980,0.9194712891956455,0.36739663229006536,0.14285588418670278
981,0.17362309858643876,0.3786181609680692,0.9104958267301774
982,0.9030654665976391,0.14580135677542588,0.4050925324076499
983,0.5593341422210493,0.8271369068600285,0.08351620009702451
984,0.30920533759956903,0.030636725215642258,0.9518109774957395
985,0.04736933607057716,0.9842370018423439,0.17094753063895474
986,0.0872075979785002,0.0012513195675653802,0.9969507085327539
987,0.05552596330146029,0.8359527755879901,0.5476000362134241
988,0.4953478567441835,0.36261527978086766,0.7906967317985608
989,0.9533783260665223,0.0805915403172633,0.29159394700624097
990,0.6597470251069243,0.5150459425311796,0.5513881637468513
991,0.36294935489359476,0.7651009019723872,0.5333199738428427
992,0.9541757507486014,0.30131825883138347,2.2303936373678583e-06
993,0.17155578207037814,0.9350422732853885,0.3124280740106257
994,0.8571878471692083,0.5134345141803854,0.05530353803352094
995,0.9780805240186315,0.07531778996266397,0.19930295508723092
996,0.6725917501947809,0.642624689707099,0.36977344775834037
997,0.028899255402405725,0.30220729892909276,0.9537930953857411
998,0.5855533864149965,0.7995815847711091,0.1533479493750405
999,0.025343575524760607,0.9905712457753127,0.13901072884174495
1000,0.8741970950331323,0.4535698621776553,0.17469184579684552
1001,0.40321521069618255,0.4988555243295999,0.7690880874604774
1002,0.7660625090247809,0.22412290530590812,0.6042348011342628
1003,0.49055452160888585,0.08791401971782181,0.8674502611584022
1004,0.9145053778362187,0.3517796960950945,0.20440695239540127
1005,0.6189639087309108,1.081450479459489e-05,0.787049301431594
1006,0.00010987173631161488,0.7077192446160708,0.7075622458284744
1007,0.5873164964879467,0.8102740396762891,0.00015195921926796716
1008,0.5067648073263638,0.25455491174443384,0.8256734572338335
1009,0.5478588480994336,0.05551151036740351,0.8360593141080762
1010,0.5218173896298776,5.58191746859075e-05,0.8544551352964904
1011,0.6793385633476441,0.4071855656157925,0.6114817186337339
1012,0.4802852160568467,0.6862060951124168,0.5482669293476515
1013,0.04613611548339238,0.0668819489328808,0.997310925112577
1014,0.20476619246936725,0.35248181947545115,0.913410723647662
1015,0.04800718749244298,0.9244258125756466,0.3804809013223786
1016,0.08113944412538007,0.3554977295836368,0.93185048885235
1017,0.7074573953768909,0.06156121401399127,0.7062808386308173
1018,0.05278569289884664,0.9583547993636268,0.28239491657025656
1019,0.05822664905617653,0.6136694245146788,0.7882934007350726
1020,0.5950907356163317,0.7324749264177528,0.3336327720762816
1021,0.7058645958237751,0.7068213340882652,0.061457611742364894
1022,0.5513835511869523,0.2956300630402411,0.7814272317930211
1023,0.8670370608632278,0.14883627217032783,0.47728075771317163
1024,0.09924837271255722,0.9806525862005601,0.17464480336609844
1025,0.36507035856351605,0.9258363232986766,0.11359620377679056
1026,0.918534230905126,0.32340876068221763,0.23108323386220656
1027,0.21946365467823714,0.1916316417737498,0.957056677263759
1028,0.3480273373572972,0.05112584944054752,0.9368365544920816
1029,0.43567276160786766,0.8664505496980921,0.24687862644413547
1030,0.2577499397626469,0.7739272208841498,0.579264210568883
1031,0.19494390687552657,0.07439989918326566,0.9783838784832367
1032,0.9186259333389006,0.26502590475963916,0.29393660276816513
1033,0.7528761218318273,0.6614893675117318,0.02396990493348814
1034,0.2911641555479073,0.5166801793722562,0.8060918390014304
1035,0.11763288724367914,0.7039047262966985,0.7061150562878055
1036,0.22203906661783912,0.765426685433422,0.6052753630092728
1037,0.9246361204506262,0.11197472209138115,0.36482700382762784
1038,0.9391906014025324,0.2601510746244168,0.22885336680210147
1039,0.6868975962629102,0.4401777462680056,0.5788865984737513
1040,0.05241588411813115,0.31838264222431273,0.9470017650121247
1041,0.048963755190501806,0.9476699052010891,0.3165487618078778
1042,2.1818865160854208e-06,0.965079447751146,0.2734377334297876
1043,0.6218705819782427,0.5544193945023895,0.5536266296687515
1044,0.7205425461581221,0.6947944775379616,0.028682176015433866
1045,0.24086078780864037,0.9009520091263276,0.3632736575050881
1046,0.1001810215792359,0.14755263515670272,0.9846166129076851
1047,0.9938196335020695,0.026501969097117765,0.11117496886725033
1048,0.0886942454613504,0.9290246266148031,0.3620366582192252
1049,0.3286045191935923,0.5258576285292753,0.7870404418248359
1050,0.8713799787286955,0.28308704859100825,0.4018073066967951
1051,0.1610382182679071,0.023247138703264766,0.9870411507148644
1052,0.6629217256282258,0.02733916500742651,0.74847516438348
1053,0.022874937289888216,0.16361628388459568,0.9871490496250505
1054,0.8940955196594539,0.445713014038651,0.055031246819382755
1055,0.043861566291504374,0.04633973736446556,0.9980660547943268
1056,0.8937037939851837,0.4350064202692329,0.11700447340125916
1057,0.8899164888210394,0.4585673387454994,0.0008262873905421815
1058,0.38903063953134975,0.3889490866965185,0.8362255391859699
1059,0.9100430162821033,0.41188416453364246,0.05061968047909226
1060,0.5126923463702927,0.8583441006126455,0.054843966803996815
1061,0.9618060007693655,0.24031893286511916,0.1338018331148533
1062,0.707447734519471,0.6055688408782441,0.3672226593454531
1063,0.5309727116084741,0.3668447074548914,0.7659608117129831
1064,0.0997985641667287,0.11879903919113649,0.9884079374558544
1065,0.2449068484933162,0.3981285506873933,0.8846427849815959
1066,0.9300761021904467,0.25993848565731736,0.26294027541651754
1067,0.1443892465693694,0.916546779641911,0.3747315738891576
1068,0.11156629868009432,0.9377382558601004,0.33083145623701565
1069,0.8222292613475414,0.5689551438902087,0.02277027953812135
1070,0.5506780864437575,0.5194326651005062,0.6542476268835161
1071,0.8430768992578346,0.5383301642280044,0.024540171529854774
1072,0.29202281512053346,0.7807955534754785,0.5526779996125677
1073,0.12093127704021556,0.09996557241300168,0.988234562262095
1074,0.9013273486824729,0.4251543870394973,0.08603226714494722
1075,0.84059888605171,0.21827351853273666,0.49926817678412805
1076,0.594034208881666,0.8007739533131417,0.08894427830784439
1077,0.7479428041948956,0.0862412948272414,0.6605241893237691
1078,0.5751133024749034,0.710431846906405,0.4062286870938129
1079,0.31858704073501715,0.9471079209706035,0.054813867011145385
1080,0.4054978112660744,0.2809472507268422,0.8707634196519475
1081,0.9962691035025996,0.07151999498285518,0.06207186769713381
1082,0.8885600916075918,0.27596021870305393,0.36692512748622264
1083,0.15564454684731133,0.15488510266211777,0.9758947703011667
1084,0.20807236024029868,0.9705772371962952,0.1311047736053695
1085,0.018587169636675602,0.9994288123293682,0.041990951078480575
1086,0.9570758877861496,0.16240753493754914,0.24630214194209293
1087,0.1435220596484477,0.07163957791996581,0.9889682225610904
1088,0.7985171293239632,0.15374889785312418,0.582644792898376
1089,0.3947487432753543,0.00036470983994930375,0.9207339678087427
1090,0.027168065830025054,0.4691767055574819,0.8830015330193738
1091,0.9467693510344074,0.1668906418167713,0.2765290196575782
1092,0.3913749689819695,0.8179177301505978,0.4244757408965873
1093,0.1220768522065928,0.6050596177265719,0.7880680524481042
1094,0.3057117609756191,0.3373060028608963,0.8907152880670874
1095,0.6847968815405541,0.5806147201344493,0.44217108568361047
1096,0.8259766936597578,0.5081728994478301,0.25306948509779364
1097,8.183700099343658e-05,0.7621927720302731,0.649097631543365
1098,0.18517918199580977,0.0002231195339491675,0.9830376755259017
1099,0.35538512274213113,0.20677414239499636,0.9138697390075115
1100,0.025907271689804303,0.5024642365785049,0.8650559427522019
1101,0.28370983951056233,0.19849220216759172,0.9392408052717265
1102,0.06904881871054763,0.9954839801876911,0.06663572666118828
1103,0.8235978827309759,0.15048563986243282,0.5479568162931535
1104,0.47641719913553565,0.7164812960162622,0.5111575084742552
1105,0.08898951778932652,0.45758028131579587,0.8869419364201545
1106,0.8310032816404579,0.47932220911802403,0.2866856329010994
1107,0.83453011409562,0.32264159474658755,0.45003984786868806
1108,0.4453377013588101,0.8858626015298217,0.14693572638697933
1109,0.7186239152039468,0.15454611315206596,0.6851396906787219
1110,0.6948995616295139,0.19092699067192517,0.6961844903092538
1111,0.36997195156014123,0.6378039938257335,0.6766706795210882
1112,0.3877416240725332,0.9183745941004253,0.08358873187176104
1113,0.1916950289550506,0.6568678586223062,0.7295579339262697
1114,0.6446176774541195,0.7626998823310925,0.05803699507817042
1115,0.6489565116181588,0.7620758231636975,1.446917538358265e-06
1116,0.5081108763219662,0.4795351712046895,0.7163534590070582
1117,0.995656467447085,0.047112240523948516,0.08776340514549492
1118,0.617011490981907,0.6508741343979331,0.44350325015907277
1119,0.4164999404435939,0.891786290448649,0.18074889115040108
1120,0.3338111958624787,0.6342538179200515,0.6990987563034257
1121,0.43852215582920334,0.8996752632565926,0.022693649442525606
1122,0.9476146811595514,0.2800303319246092,0.1616015079030228
1123,0.9711200211488098,0.22918013447389485,0.07459009712107112
1124,0.48022876145324367,0.05679930785378187,0.8760202537706027
1125,0.16589243769206924,0.9863352797409447,0.02210541860433
1126,0.02460358919083094,0.9286504019272137,0.37139659445198503
1127,0.176721252147469,0.1269783778086466,0.976786830353583
1128,0.7833741434492423,0.19008039721832126,0.5939553438052139
1129,0.761054975912096,0.05810374008211004,0.6466416378925308
1130,0.973202851134193,0.225512240423751,0.05064218524832109
1131,0.11546568426251054,0.3666013587437788,0.9238275606089182
1132,0.2280554908755873,0.9409124433963959,0.2520845183967073
1133,0.08936587074798297,0.5950075055837695,0.7999995391970661
1134,0.9644018845282822,0.1611003058035997,0.21441504978640644
1135,0.6134809318205212,0.679530953756752,0.40901670059191136
1136,0.628402994760213,0.1869596098068728,0.75617448190015
1137,0.606455041619782,0.3666009833162849,0.7075934152529305
1138,0.840988277322754,0.0002971411979869585,0.5633819460072046
1139,0.4054841453997157,0.6816549591601251,0.611119172750598
1140,0.44208298498082144,0.28518988712329474,0.8513169275207468
1141,0.0273902182784952,0.9517764948262173,0.3063931225974247
1142,0.5700896788439426,0.7921189481459454,0.21930293910348828
1143,0.3156211439160479,0.051781614866006666,0.9477270319956769
1144,0.13109320447699402,0.2085468646179701,0.9694157732617033
1145,0.05635254915325741,0.48049884552136757,0.8767123652200122
1146,0.9957393926967733,0.0265531628923869,0.09227941977193935
1147,0.6795511348623136,0.6113591880496639,0.40778079144670976
1148,0.2156810301260269,0.8622254009351674,0.45907786893228925
1149,0.2965821936128368,0.9495701538586362,0.10931926351159857
1150,0.37520975888733676,0.3110571326077202,0.8756352980145435
1151,0.31144974610852005,0.9505413907183323,0.021507900927928623
1152,0.5536576633668824,0.6235491934200559,0.5526226960004145
1153,0.2587581079254998,0.7447780548876692,0.6166992163284654
1154,0.6499136688895488,4.9631642960838406e-05,0.7610065726424776
1155,0.5167416207674764,0.2920371353096383,0.8061142936471732
1156,0.15415822200242557,0.5859177221810278,0.8042249844774675
1157,0.4406320552180464,0.7452578072535134,0.5086025484462933
1158,0.22042259653929888,0.6076190834117561,0.7648117130125694
1159,0.9455643148191958,0.32443071983438293,0.08002171333802822
1160,0.7161469198405715,0.6491824830169217,0.2606814243579212
1161,0.7227492224932227,0.0904998930747458,0.6921588408136901
1162,0.8505309296423786,0.025261387690200244,0.5393249241877541
1163,0.2284401683117341,0.25310258537386804,0.940375915719554
1164,0.9800458612836014,0.1011331619087181,0.1758766099748444
1165,0.4715580944137967,0.8479302715678535,0.2509788335816093
1166,0.19691710379981978,0.9792979513913275,0.0496746916455987
1167,0.3264784570498061,0.2363517476436784,0.915684974621095
1168,0.6663267940961245,0.18607149235299852,0.7229427725649761
1169,0.9586543302104499,0.26540157396970876,0.10630187962829651
1170,0.9928728147123076,0.09553755458142436,0.07248436929765488
1171,0.7868985208224888,0.6051312929817745,0.12208294047880235
1172,0.6296784764173174,0.7551175938002249,0.19104138233502457
1173,0.3577836319715653,0.9304168410043621,0.08219551708079512
1174,0.44826493548545615,0.8937122289303268,0.05781904169489922
1175,0.7454206876161013,0.2608186488868422,0.6150688948682667
1176,0.027034184927802365,4.655069787312165e-06,1.000344966181613
1177,0.7614641562103798,0.6489309495532121,0.0002148439287618104
1178,0.8383100716746286,0.3524068159235111,0.41828204534151775
1179,0.6589321147774462,0.6928823233957168,0.2971866486680645
1180,5.046994766040432e-05,0.09251514471031799,0.9961671603494058
1181,0.7343924013527536,0.6794323461614733,2.689565887376173e-08
1182,0.31903579182198166,0.4486521592355825,0.8358837626967618
1183,0.9965532440413818,0.07566325219633614,0.0448705983797842
1184,0.07686618020505048,0.23059395249313377,0.970198120754711
1185,0.6905414418874436,0.6607103588385104,0.2951716202055871
1186,0.7768052191397512,0.6316693867927395,0.027869629040991276
1187,0.5874548297350021,0.8092150720039828,0.03463862087383411
1188,0.5064071397907499,0.7440715419327608,0.4374452039968765
1189,0.7471045539346949,0.65884007908885,0.09353413334495073
1190,0.9769490717898912,0.18109607598086996,0.12612669937655543
1191,0.37204641464278176,0.6735563654187903,0.6406394481400619
1192,0.9870256507872548,0.0266418646411088,0.1654308525642655
1193,0.9865895713033165,0.16311404380157032,0.02415933025005208
1194,0.9966019931642917,0.09244982765395557,0.02007967008601596
1195,0.13295790319334255,0.9618183557006372,0.24281980717466886
1196,0.6487869083395496,0.44337781972650897,0.619991971592369
1197,0.04442510334886444,0.9992117021206653,0.013323903735667948
1198,0.9105976407463966,0.40042041714556825,0.1107876717649932
1199,0.11862077786281523,0.9929224546717076,0.023339196056409082
1200,0.9983091822784924,0.0642948976777996,9.343990058279411e-05
1201,0.48985482496080945,0.8677238959697675,0.08816518371040023
1202,0.4308882409021629,0.8970352704769705,0.11655462251240913
1203,0.5401778480226864,0.7176272837431886,0.44073953725971216
1204,0.33938523373502316,0.9417307888206758,0.026866781564227997
1205,0.3373138211814462,0.309290003502056,0.8905275623785069
1206,0.9896332021786648,0.1209140981650275,0.09497841813033923
1207,0.8327275468957602,0.18465634660039107,0.5246506753365373
1208,0.6050286478570269,0.1207063185983172,0.7874369063342149
1209,0.9602281013019672,0.027537669101551945,0.27955916414013104
1210,0.08577068796740812,0.028537185313645064,0.9966642630949428
1211,0.0001056317306119197,0.8898045826773496,0.4580553333206472
1212,0.8578000677705234,0.5017614471297779,0.11489477757339342
1213,0.0003068005572742187,0.13509132561399054,0.9912558226590793
1214,0.12288761771292753,0.12314860090730126,0.9850699809981536
1215,0.7195731869861492,0.6902989493848259,0.08854006211173288
1216,0.9702689243933699,0.12866287407118787,0.20847099830392038
1217,0.8558436485851506,0.4867482870255151,0.18041745713136426
1218,0.8325447409887322,0.5555477573806115,0.0007971665702633011
1219,0.06643483109944744,0.9940129375769027,0.09587019360253975
1220,0.08000673595201604,0.9189080773540327,0.3883558349178611
1221,0.23281963157300273,0.28741647610475785,0.9303312429028124
1222,0.18667768414324706,0.8088173446978677,0.5597749423935358
1223,0.11264333749770959,0.022958116446892433,0.9939459063720045
1224,0.13227491139764366,0.9696192082252885,0.20725273392007473
1225,0.8255580926008191,0.0868822300665424,0.5588753296748582
1226,0.9272185394275233,0.3736884480594462,0.029717240374955333
1227,0.8750214645118879,0.05600344097857076,0.48146717940928757
1228,0.5688258562261481,0.2222713125225193,0.7943050066781459
1229,0.23675594818950607,0.9164920389058822,0.32398441898552527
1230,0.5162654967719276,0.8066612132020279,0.29080794814877714
1231,0.9127436905981176,0.026044661524315116,0.40894088931586564
1232,0.10843440502995161,0.29903268340973094,0.9488157285371684
1233,0.12149111487468564,0.6385202579060649,0.7606177471725184
1234,0.4350771964478367,0.24987187164838148,0.8673132581503161
1235,0.4018034980091625,0.02587766921277733,0.9156487934030357
1236,0.14799249740040674,0.8471209559972372,0.5124182715030723
1237,0.62614535829752,0.7232159844248951,0.29536182744399153
1238,0.18786461495354967,0.9645889791200803,0.18779249749642862
1239,0.1843962592131055,0.8554655588104176,0.48600731634329525
1240,0.12051803933401574,0.9879818264559888,0.09995305101499234
1241,0.9031247050955835,0.08349952189460691,0.42235423553951235
1242,0.8675332982838304,0.08194281916774923,0.49195503799631457
1243,0.526691573010054,0.8461461533920591,0.08722731501982775
1244,0.0651720520511966,0.025075809968563706,0.9979695404269169
1245,0.03179223948631415,0.7505144715875338,0.6625326545252066
1246,0.13346452914630497,0.24190202922250417,0.9613161478861413
1247,0.5806054755725687,0.056977932243644225,0.8130980907350664
1248,0.8180905647664503,0.42436938235452176,0.3886589910099207
1249,0.3543632593192296,0.836059118296699,0.4194452764664657
1250,0.2746546627636597,0.8888999083315069,0.3689961296339144
1251,0.06280909136467584,0.9980897572266771,0.0225730226529478
1252,0.7353084831835993,0.6760658180448322,0.059535498578935905
1253,0.4426600972091608,0.5452822559008155,0.7140727938370884
1254,0.5858812390519959,7.898504175299201e-06,0.8124417581970769
1255,0.9311318459824423,0.338662833566496,0.13899836434893875
1256,0.5392950836627766,0.4055127684128856,0.7411769836298819
1257,0.21080914275952478,0.8982972385214469,0.38857066253751704
1258,0.8097485118249977,0.18980708383272937,0.5608646685392474
1259,0.7083274806426633,0.21930864981785905,0.6714730001058623
1260,0.3184993634022005,0.9446029661587447,0.08182056807838903
1261,0.7883435734850317,0.6136268405896713,0.05803822126885112
1262,0.9999226772684328,0.042905526212395136,0.00013687657182583792
1263,0.027911978782131586,0.6963135818688321,0.7181894896608542
1264,0.880838544586779,0.21031272443159607,0.4254117936390517
1265,0.0594559917981353,0.8153777392853104,0.5764878743437504
1266,0.5251686981613467,0.32815422340561584,0.7905826819421701
1267,0.2370164261402271,0.928313442296921,0.29030054010758066
1268,0.01528480292883017,0.9007541406359528,0.43699327240181496
1269,0.916961784145116,0.29974618346303605,0.26661261209012765
1270,0.29403387941318415,0.2644572304088265,0.9190116207954301
1271,0.21713899656342867,0.49748461845187114,0.8401396060765436
1272,0.13763643756590552,0.305039053697056,0.9433720021593681
1273,0.31028051384046124,0.16839213715809223,0.9364189210270953
1274,0.7639622605821306,0.6077262473897278,0.227372409544103
1275,0.9170285938145822,0.23277858486848244,0.32500485935174334
1276,0.13575617818060726,0.9912491001860191,0.0003973483909291341
1277,0.38751765314799774,0.8368512707323342,0.3882866399654673
1278,8.739644782691875e-05,0.9715258005982299,0.2427507403164646
1279,0.28712229579078874,0.9396653079540213,0.19960991224003835
1280,0.24346840001255307,0.9609198489105857,0.13549310847239165
1281,0.29124285362383484,0.07847722370712369,0.9537550109200942
1282,0.8468468669089303,0.5260103053832567,0.08725251154982368
1283,0.04854696711036774,0.9890226240138109,0.14075845218433303
1284,0.9041332297450221,0.33201116437007205,0.27162936662240467
1285,0.4901648727398745,0.17887028218388795,0.8538724018080573
1286,0.8143635262804996,0.5717671292001473,0.11941724523219648
1287,0.25687475452649333,0.5799307697246308,0.7734286264877163
1288,0.00031962728873663514,0.6789657258001688,0.7349421021671084
1289,0.024677724047905747,0.9164477788230796,0.4000921129273884
1290,0.7762458252063498,0.25806348834974996,0.5759862360455479
1291,0.46872362830422165,0.8830484991073296,0.03117688851066398
1292,0.4899229017354823,0.852369095763189,0.1845205777396176
1293,0.0876584210733405,0.8626344915735082,0.4995596977236156
1294,0.8737185643788358,0.3763534615395327,0.3150472980619284
1295,0.1785828960763953,0.8929160375300577,0.4145398519373149
1296,0.535590084490508,0.028036192518262,0.8449063308414398
1297,0.12104091911646533,0.8138131814538504,0.5686767207803669
1298,0.2427424402867561,0.9702169953449183,1.5727608004070743e-07
1299,0.19518541112357016,0.949249285986212,0.24791217950636002
1300,0.6162275748368717,0.4460391529804415,0.6499199749930071
1301,0.928793857785359,0.028294108499358085,0.3713995629761279
1302,0.8782587307938765,0.47810002189302675,0.058483886246807046
1303,0.5494476877806753,0.4808420841778049,0.683530863012015
1304,0.20123378416962032,0.107721145880577,0.9745474300833741
1305,0.4373774951106162,0.5054633532628805,0.7443456146787067
1306,0.8230210973206686,0.25479112172878077,0.5093885053835506
1307,0.016928224354697863,0.8007742858125538,0.6004308451272441
1308,0.5539081677573013,0.6533203664189012,0.519073436360007
1309,0.9040876715040949,0.4052850726112591,0.1450555132490889
1310,0.47760983573741317,0.143681081734937,0.8669808658363096
1311,0.2515058738721956,0.1940928396965977,0.9484942273038681
1312,0.8031049721228983,0.5905507124626067,0.08853478145066904
1313,0.4832736858145616,0.28946909468186044,0.8286337056330719
1314,0.05113418941094546,0.768266396510736,0.6397225620356959
1315,0.1267951043669049,0.9764431409216634,0.17825104613074277
1316,0.8579676387322043,0.4102725062558716,0.3150452562552539
1317,0.40076145248816397,0.7687997381692052,0.5014477713874637
1318,0.558940362499525,0.08888806173323428,0.8252536565206406
